Year,Region,Technology,Value,Type
2020,DE,CHP_Biomass_Solid,0.0,NewCapacity
2030,DE,CHP_Biomass_Solid,0.0,NewCapacity
2040,DE,CHP_Biomass_Solid,0.0,NewCapacity
2050,DE,CHP_Biomass_Solid,0.0,NewCapacity
2020,DK,CHP_Biomass_Solid,0.0,NewCapacity
2030,DK,CHP_Biomass_Solid,0.0,NewCapacity
2040,DK,CHP_Biomass_Solid,0.0,NewCapacity
2050,DK,CHP_Biomass_Solid,0.0,NewCapacity
2020,FR,CHP_Biomass_Solid,0.0,NewCapacity
2030,FR,CHP_Biomass_Solid,0.0,NewCapacity
2040,FR,CHP_Biomass_Solid,0.0,NewCapacity
2050,FR,CHP_Biomass_Solid,0.0,NewCapacity
2020,NO,CHP_Biomass_Solid,0.0,NewCapacity
2030,NO,CHP_Biomass_Solid,0.0,NewCapacity
2040,NO,CHP_Biomass_Solid,0.0,NewCapacity
2050,NO,CHP_Biomass_Solid,0.0,NewCapacity
2020,UK,CHP_Biomass_Solid,0.0,NewCapacity
2030,UK,CHP_Biomass_Solid,0.0,NewCapacity
2040,UK,CHP_Biomass_Solid,0.0,NewCapacity
2050,UK,CHP_Biomass_Solid,0.0,NewCapacity
2020,DE,CHP_Biomass_Solid_CCS,0.0,NewCapacity
2030,DE,CHP_Biomass_Solid_CCS,0.0,NewCapacity
2040,DE,CHP_Biomass_Solid_CCS,4.8995443392786795,NewCapacity
2050,DE,CHP_Biomass_Solid_CCS,1.1004076611053168,NewCapacity
2020,DK,CHP_Biomass_Solid_CCS,0.0,NewCapacity
2030,DK,CHP_Biomass_Solid_CCS,0.0,NewCapacity
2040,DK,CHP_Biomass_Solid_CCS,0.3367742758099203,NewCapacity
2050,DK,CHP_Biomass_Solid_CCS,0.26322092422847937,NewCapacity
2020,FR,CHP_Biomass_Solid_CCS,0.0,NewCapacity
2030,FR,CHP_Biomass_Solid_CCS,0.0,NewCapacity
2040,FR,CHP_Biomass_Solid_CCS,4.578886504022774,NewCapacity
2050,FR,CHP_Biomass_Solid_CCS,0.7010712563151431,NewCapacity
2020,NO,CHP_Biomass_Solid_CCS,0.0,NewCapacity
2030,NO,CHP_Biomass_Solid_CCS,0.0,NewCapacity
2040,NO,CHP_Biomass_Solid_CCS,0.7478124628176772,NewCapacity
2050,NO,CHP_Biomass_Solid_CCS,0.0,NewCapacity
2020,UK,CHP_Biomass_Solid_CCS,0.0,NewCapacity
2030,UK,CHP_Biomass_Solid_CCS,0.0,NewCapacity
2040,UK,CHP_Biomass_Solid_CCS,0.8558118192705267,NewCapacity
2050,UK,CHP_Biomass_Solid_CCS,2.5041613009445114,NewCapacity
2020,DE,CHP_Coal_Hardcoal,0.0,NewCapacity
2030,DE,CHP_Coal_Hardcoal,0.0,NewCapacity
2040,DE,CHP_Coal_Hardcoal,0.0,NewCapacity
2050,DE,CHP_Coal_Hardcoal,0.0,NewCapacity
2020,DK,CHP_Coal_Hardcoal,0.0,NewCapacity
2030,DK,CHP_Coal_Hardcoal,0.0,NewCapacity
2040,DK,CHP_Coal_Hardcoal,0.0,NewCapacity
2050,DK,CHP_Coal_Hardcoal,0.0,NewCapacity
2020,FR,CHP_Coal_Hardcoal,0.0,NewCapacity
2030,FR,CHP_Coal_Hardcoal,0.0,NewCapacity
2040,FR,CHP_Coal_Hardcoal,0.0,NewCapacity
2050,FR,CHP_Coal_Hardcoal,0.0,NewCapacity
2020,NO,CHP_Coal_Hardcoal,0.0,NewCapacity
2030,NO,CHP_Coal_Hardcoal,0.0,NewCapacity
2040,NO,CHP_Coal_Hardcoal,0.0,NewCapacity
2050,NO,CHP_Coal_Hardcoal,0.0,NewCapacity
2020,UK,CHP_Coal_Hardcoal,0.0,NewCapacity
2030,UK,CHP_Coal_Hardcoal,0.0,NewCapacity
2040,UK,CHP_Coal_Hardcoal,0.0,NewCapacity
2050,UK,CHP_Coal_Hardcoal,0.0,NewCapacity
2020,DE,CHP_Gas_CCGT_Natural,0.0,NewCapacity
2030,DE,CHP_Gas_CCGT_Natural,0.0,NewCapacity
2040,DE,CHP_Gas_CCGT_Natural,0.0,NewCapacity
2050,DE,CHP_Gas_CCGT_Natural,0.0,NewCapacity
2020,DK,CHP_Gas_CCGT_Natural,0.0,NewCapacity
2030,DK,CHP_Gas_CCGT_Natural,0.0,NewCapacity
2040,DK,CHP_Gas_CCGT_Natural,0.0,NewCapacity
2050,DK,CHP_Gas_CCGT_Natural,0.0,NewCapacity
2020,FR,CHP_Gas_CCGT_Natural,0.0,NewCapacity
2030,FR,CHP_Gas_CCGT_Natural,0.0,NewCapacity
2040,FR,CHP_Gas_CCGT_Natural,0.0,NewCapacity
2050,FR,CHP_Gas_CCGT_Natural,0.0,NewCapacity
2020,NO,CHP_Gas_CCGT_Natural,0.0,NewCapacity
2030,NO,CHP_Gas_CCGT_Natural,0.0,NewCapacity
2040,NO,CHP_Gas_CCGT_Natural,0.0,NewCapacity
2050,NO,CHP_Gas_CCGT_Natural,0.0,NewCapacity
2020,UK,CHP_Gas_CCGT_Natural,0.0,NewCapacity
2030,UK,CHP_Gas_CCGT_Natural,0.0,NewCapacity
2040,UK,CHP_Gas_CCGT_Natural,0.0,NewCapacity
2050,UK,CHP_Gas_CCGT_Natural,0.0,NewCapacity
2020,DE,CHP_Gas_CCGT_Natural_CCS,0.0,NewCapacity
2030,DE,CHP_Gas_CCGT_Natural_CCS,0.0,NewCapacity
2040,DE,CHP_Gas_CCGT_Natural_CCS,0.0,NewCapacity
2050,DE,CHP_Gas_CCGT_Natural_CCS,0.0,NewCapacity
2020,DK,CHP_Gas_CCGT_Natural_CCS,0.0,NewCapacity
2030,DK,CHP_Gas_CCGT_Natural_CCS,0.0,NewCapacity
2040,DK,CHP_Gas_CCGT_Natural_CCS,0.0,NewCapacity
2050,DK,CHP_Gas_CCGT_Natural_CCS,0.0,NewCapacity
2020,FR,CHP_Gas_CCGT_Natural_CCS,0.0,NewCapacity
2030,FR,CHP_Gas_CCGT_Natural_CCS,0.0,NewCapacity
2040,FR,CHP_Gas_CCGT_Natural_CCS,0.0,NewCapacity
2050,FR,CHP_Gas_CCGT_Natural_CCS,0.0,NewCapacity
2020,NO,CHP_Gas_CCGT_Natural_CCS,0.0,NewCapacity
2030,NO,CHP_Gas_CCGT_Natural_CCS,0.0,NewCapacity
2040,NO,CHP_Gas_CCGT_Natural_CCS,0.0,NewCapacity
2050,NO,CHP_Gas_CCGT_Natural_CCS,0.0,NewCapacity
2020,UK,CHP_Gas_CCGT_Natural_CCS,0.0,NewCapacity
2030,UK,CHP_Gas_CCGT_Natural_CCS,0.0,NewCapacity
2040,UK,CHP_Gas_CCGT_Natural_CCS,0.0,NewCapacity
2050,UK,CHP_Gas_CCGT_Natural_CCS,0.0,NewCapacity
2020,DE,CHP_Hydrogen_FuelCell,0.0,NewCapacity
2030,DE,CHP_Hydrogen_FuelCell,0.0,NewCapacity
2040,DE,CHP_Hydrogen_FuelCell,0.0,NewCapacity
2050,DE,CHP_Hydrogen_FuelCell,0.0,NewCapacity
2020,DK,CHP_Hydrogen_FuelCell,0.0,NewCapacity
2030,DK,CHP_Hydrogen_FuelCell,0.0,NewCapacity
2040,DK,CHP_Hydrogen_FuelCell,0.0,NewCapacity
2050,DK,CHP_Hydrogen_FuelCell,0.0,NewCapacity
2020,FR,CHP_Hydrogen_FuelCell,0.0,NewCapacity
2030,FR,CHP_Hydrogen_FuelCell,0.0,NewCapacity
2040,FR,CHP_Hydrogen_FuelCell,0.0,NewCapacity
2050,FR,CHP_Hydrogen_FuelCell,0.0,NewCapacity
2020,NO,CHP_Hydrogen_FuelCell,0.0,NewCapacity
2030,NO,CHP_Hydrogen_FuelCell,0.0,NewCapacity
2040,NO,CHP_Hydrogen_FuelCell,0.0,NewCapacity
2050,NO,CHP_Hydrogen_FuelCell,0.0,NewCapacity
2020,UK,CHP_Hydrogen_FuelCell,0.0,NewCapacity
2030,UK,CHP_Hydrogen_FuelCell,0.0,NewCapacity
2040,UK,CHP_Hydrogen_FuelCell,0.0,NewCapacity
2050,UK,CHP_Hydrogen_FuelCell,0.0,NewCapacity
2020,DE,CHP_Oil,0.0,NewCapacity
2030,DE,CHP_Oil,0.0,NewCapacity
2040,DE,CHP_Oil,0.0,NewCapacity
2050,DE,CHP_Oil,0.0,NewCapacity
2020,DK,CHP_Oil,0.0,NewCapacity
2030,DK,CHP_Oil,0.0,NewCapacity
2040,DK,CHP_Oil,0.0,NewCapacity
2050,DK,CHP_Oil,0.0,NewCapacity
2020,FR,CHP_Oil,0.0,NewCapacity
2030,FR,CHP_Oil,0.0,NewCapacity
2040,FR,CHP_Oil,0.0,NewCapacity
2050,FR,CHP_Oil,0.0,NewCapacity
2020,NO,CHP_Oil,0.0,NewCapacity
2030,NO,CHP_Oil,0.0,NewCapacity
2040,NO,CHP_Oil,0.0,NewCapacity
2050,NO,CHP_Oil,0.0,NewCapacity
2020,UK,CHP_Oil,0.0,NewCapacity
2030,UK,CHP_Oil,0.0,NewCapacity
2040,UK,CHP_Oil,0.0,NewCapacity
2050,UK,CHP_Oil,0.0,NewCapacity
2020,DE,HB_Biomass,0.0,NewCapacity
2030,DE,HB_Biomass,0.0,NewCapacity
2040,DE,HB_Biomass,0.0,NewCapacity
2050,DE,HB_Biomass,0.0,NewCapacity
2020,DK,HB_Biomass,0.0,NewCapacity
2030,DK,HB_Biomass,0.0,NewCapacity
2040,DK,HB_Biomass,0.0,NewCapacity
2050,DK,HB_Biomass,0.0,NewCapacity
2020,FR,HB_Biomass,0.0,NewCapacity
2030,FR,HB_Biomass,0.0,NewCapacity
2040,FR,HB_Biomass,0.0,NewCapacity
2050,FR,HB_Biomass,0.0,NewCapacity
2020,NO,HB_Biomass,0.0,NewCapacity
2030,NO,HB_Biomass,0.0,NewCapacity
2040,NO,HB_Biomass,0.0,NewCapacity
2050,NO,HB_Biomass,0.0,NewCapacity
2020,UK,HB_Biomass,0.0,NewCapacity
2030,UK,HB_Biomass,0.0,NewCapacity
2040,UK,HB_Biomass,0.0,NewCapacity
2050,UK,HB_Biomass,0.0,NewCapacity
2020,DE,HB_Direct_Electric,0.0,NewCapacity
2030,DE,HB_Direct_Electric,0.0,NewCapacity
2040,DE,HB_Direct_Electric,0.0,NewCapacity
2050,DE,HB_Direct_Electric,0.0,NewCapacity
2020,DK,HB_Direct_Electric,0.0,NewCapacity
2030,DK,HB_Direct_Electric,0.0,NewCapacity
2040,DK,HB_Direct_Electric,0.0,NewCapacity
2050,DK,HB_Direct_Electric,0.0,NewCapacity
2020,FR,HB_Direct_Electric,0.0,NewCapacity
2030,FR,HB_Direct_Electric,0.0,NewCapacity
2040,FR,HB_Direct_Electric,0.0,NewCapacity
2050,FR,HB_Direct_Electric,0.0,NewCapacity
2020,NO,HB_Direct_Electric,0.0,NewCapacity
2030,NO,HB_Direct_Electric,0.0,NewCapacity
2040,NO,HB_Direct_Electric,0.0,NewCapacity
2050,NO,HB_Direct_Electric,0.0,NewCapacity
2020,UK,HB_Direct_Electric,0.0,NewCapacity
2030,UK,HB_Direct_Electric,0.0,NewCapacity
2040,UK,HB_Direct_Electric,0.0,NewCapacity
2050,UK,HB_Direct_Electric,0.0,NewCapacity
2020,DE,HB_Gas_Boiler,33.31880670571235,NewCapacity
2030,DE,HB_Gas_Boiler,67.85661546505479,NewCapacity
2040,DE,HB_Gas_Boiler,114.90737188585379,NewCapacity
2050,DE,HB_Gas_Boiler,2.0414342261519494,NewCapacity
2020,DK,HB_Gas_Boiler,0.0,NewCapacity
2030,DK,HB_Gas_Boiler,5.560281674528768,NewCapacity
2040,DK,HB_Gas_Boiler,2.3521639886786003,NewCapacity
2050,DK,HB_Gas_Boiler,0.0771455154094145,NewCapacity
2020,FR,HB_Gas_Boiler,0.0,NewCapacity
2030,FR,HB_Gas_Boiler,0.0,NewCapacity
2040,FR,HB_Gas_Boiler,64.20666414524887,NewCapacity
2050,FR,HB_Gas_Boiler,12.738709313888847,NewCapacity
2020,NO,HB_Gas_Boiler,0.3544539954466935,NewCapacity
2030,NO,HB_Gas_Boiler,7.518865791676595,NewCapacity
2040,NO,HB_Gas_Boiler,0.9893248114459547,NewCapacity
2050,NO,HB_Gas_Boiler,0.9415859575014878,NewCapacity
2020,UK,HB_Gas_Boiler,0.0,NewCapacity
2030,UK,HB_Gas_Boiler,0.0,NewCapacity
2040,UK,HB_Gas_Boiler,32.980036719255146,NewCapacity
2050,UK,HB_Gas_Boiler,11.69073690828278,NewCapacity
2020,DE,HB_H2_Boiler,0.0,NewCapacity
2030,DE,HB_H2_Boiler,0.0,NewCapacity
2040,DE,HB_H2_Boiler,0.0,NewCapacity
2050,DE,HB_H2_Boiler,0.0,NewCapacity
2020,DK,HB_H2_Boiler,0.0,NewCapacity
2030,DK,HB_H2_Boiler,0.0,NewCapacity
2040,DK,HB_H2_Boiler,0.0,NewCapacity
2050,DK,HB_H2_Boiler,0.0,NewCapacity
2020,FR,HB_H2_Boiler,0.0,NewCapacity
2030,FR,HB_H2_Boiler,0.0,NewCapacity
2040,FR,HB_H2_Boiler,0.0,NewCapacity
2050,FR,HB_H2_Boiler,0.0,NewCapacity
2020,NO,HB_H2_Boiler,0.0,NewCapacity
2030,NO,HB_H2_Boiler,0.0,NewCapacity
2040,NO,HB_H2_Boiler,0.0,NewCapacity
2050,NO,HB_H2_Boiler,0.0,NewCapacity
2020,UK,HB_H2_Boiler,0.0,NewCapacity
2030,UK,HB_H2_Boiler,0.0,NewCapacity
2040,UK,HB_H2_Boiler,0.0,NewCapacity
2050,UK,HB_H2_Boiler,0.0,NewCapacity
2020,DE,HB_Heatpump_Aerial,0.0,NewCapacity
2030,DE,HB_Heatpump_Aerial,0.0,NewCapacity
2040,DE,HB_Heatpump_Aerial,0.0,NewCapacity
2050,DE,HB_Heatpump_Aerial,57.293881538953,NewCapacity
2020,DK,HB_Heatpump_Aerial,0.0,NewCapacity
2030,DK,HB_Heatpump_Aerial,0.0,NewCapacity
2040,DK,HB_Heatpump_Aerial,0.0,NewCapacity
2050,DK,HB_Heatpump_Aerial,1.2839117550955241,NewCapacity
2020,FR,HB_Heatpump_Aerial,0.0,NewCapacity
2030,FR,HB_Heatpump_Aerial,0.0,NewCapacity
2040,FR,HB_Heatpump_Aerial,0.0,NewCapacity
2050,FR,HB_Heatpump_Aerial,9.38149665503579,NewCapacity
2020,NO,HB_Heatpump_Aerial,0.0,NewCapacity
2030,NO,HB_Heatpump_Aerial,0.0,NewCapacity
2040,NO,HB_Heatpump_Aerial,0.0,NewCapacity
2050,NO,HB_Heatpump_Aerial,0.0,NewCapacity
2020,UK,HB_Heatpump_Aerial,0.0,NewCapacity
2030,UK,HB_Heatpump_Aerial,0.0,NewCapacity
2040,UK,HB_Heatpump_Aerial,0.0,NewCapacity
2050,UK,HB_Heatpump_Aerial,3.50788410127235,NewCapacity
2020,DE,HB_Oil_Boiler,0.0,NewCapacity
2030,DE,HB_Oil_Boiler,0.0,NewCapacity
2040,DE,HB_Oil_Boiler,0.0,NewCapacity
2050,DE,HB_Oil_Boiler,0.0,NewCapacity
2020,DK,HB_Oil_Boiler,0.0,NewCapacity
2030,DK,HB_Oil_Boiler,0.0,NewCapacity
2040,DK,HB_Oil_Boiler,0.0,NewCapacity
2050,DK,HB_Oil_Boiler,0.0,NewCapacity
2020,FR,HB_Oil_Boiler,0.0,NewCapacity
2030,FR,HB_Oil_Boiler,0.0,NewCapacity
2040,FR,HB_Oil_Boiler,0.0,NewCapacity
2050,FR,HB_Oil_Boiler,0.0,NewCapacity
2020,NO,HB_Oil_Boiler,0.0,NewCapacity
2030,NO,HB_Oil_Boiler,0.0,NewCapacity
2040,NO,HB_Oil_Boiler,0.0,NewCapacity
2050,NO,HB_Oil_Boiler,0.0,NewCapacity
2020,UK,HB_Oil_Boiler,0.0,NewCapacity
2030,UK,HB_Oil_Boiler,0.0,NewCapacity
2040,UK,HB_Oil_Boiler,0.0,NewCapacity
2050,UK,HB_Oil_Boiler,0.0,NewCapacity
2020,DE,HB_Solar_Thermal,0.0,NewCapacity
2030,DE,HB_Solar_Thermal,0.0,NewCapacity
2040,DE,HB_Solar_Thermal,0.0,NewCapacity
2050,DE,HB_Solar_Thermal,0.0,NewCapacity
2020,DK,HB_Solar_Thermal,0.0,NewCapacity
2030,DK,HB_Solar_Thermal,0.0,NewCapacity
2040,DK,HB_Solar_Thermal,0.0,NewCapacity
2050,DK,HB_Solar_Thermal,0.0,NewCapacity
2020,FR,HB_Solar_Thermal,0.0,NewCapacity
2030,FR,HB_Solar_Thermal,0.0,NewCapacity
2040,FR,HB_Solar_Thermal,0.0,NewCapacity
2050,FR,HB_Solar_Thermal,0.0,NewCapacity
2020,NO,HB_Solar_Thermal,0.0,NewCapacity
2030,NO,HB_Solar_Thermal,0.0,NewCapacity
2040,NO,HB_Solar_Thermal,0.0,NewCapacity
2050,NO,HB_Solar_Thermal,0.0,NewCapacity
2020,UK,HB_Solar_Thermal,0.0,NewCapacity
2030,UK,HB_Solar_Thermal,0.0,NewCapacity
2040,UK,HB_Solar_Thermal,0.0,NewCapacity
2050,UK,HB_Solar_Thermal,0.0,NewCapacity
2020,DE,P_Biomass,0.0,NewCapacity
2030,DE,P_Biomass,0.0,NewCapacity
2040,DE,P_Biomass,0.0,NewCapacity
2050,DE,P_Biomass,0.0,NewCapacity
2020,DK,P_Biomass,0.0,NewCapacity
2030,DK,P_Biomass,0.0,NewCapacity
2040,DK,P_Biomass,0.0,NewCapacity
2050,DK,P_Biomass,0.0,NewCapacity
2020,FR,P_Biomass,0.0,NewCapacity
2030,FR,P_Biomass,0.0,NewCapacity
2040,FR,P_Biomass,0.0,NewCapacity
2050,FR,P_Biomass,0.0,NewCapacity
2020,NO,P_Biomass,0.0,NewCapacity
2030,NO,P_Biomass,0.0,NewCapacity
2040,NO,P_Biomass,0.0,NewCapacity
2050,NO,P_Biomass,2.6652535958892343,NewCapacity
2020,UK,P_Biomass,0.0,NewCapacity
2030,UK,P_Biomass,0.0,NewCapacity
2040,UK,P_Biomass,0.9992044978386272,NewCapacity
2050,UK,P_Biomass,0.0,NewCapacity
2020,DE,P_Coal_Hardcoal,0.0,NewCapacity
2030,DE,P_Coal_Hardcoal,0.0,NewCapacity
2040,DE,P_Coal_Hardcoal,0.0,NewCapacity
2050,DE,P_Coal_Hardcoal,0.0,NewCapacity
2020,DK,P_Coal_Hardcoal,0.0,NewCapacity
2030,DK,P_Coal_Hardcoal,0.0,NewCapacity
2040,DK,P_Coal_Hardcoal,0.0,NewCapacity
2050,DK,P_Coal_Hardcoal,0.0,NewCapacity
2020,FR,P_Coal_Hardcoal,0.0,NewCapacity
2030,FR,P_Coal_Hardcoal,0.0,NewCapacity
2040,FR,P_Coal_Hardcoal,0.0,NewCapacity
2050,FR,P_Coal_Hardcoal,0.0,NewCapacity
2020,NO,P_Coal_Hardcoal,0.0,NewCapacity
2030,NO,P_Coal_Hardcoal,0.0,NewCapacity
2040,NO,P_Coal_Hardcoal,0.0,NewCapacity
2050,NO,P_Coal_Hardcoal,0.0,NewCapacity
2020,UK,P_Coal_Hardcoal,0.0,NewCapacity
2030,UK,P_Coal_Hardcoal,0.0,NewCapacity
2040,UK,P_Coal_Hardcoal,0.0,NewCapacity
2050,UK,P_Coal_Hardcoal,0.0,NewCapacity
2020,DE,P_Gas_CCGT,0.0,NewCapacity
2030,DE,P_Gas_CCGT,0.0,NewCapacity
2040,DE,P_Gas_CCGT,0.0,NewCapacity
2050,DE,P_Gas_CCGT,0.0,NewCapacity
2020,DK,P_Gas_CCGT,0.0,NewCapacity
2030,DK,P_Gas_CCGT,0.0,NewCapacity
2040,DK,P_Gas_CCGT,0.0,NewCapacity
2050,DK,P_Gas_CCGT,0.0,NewCapacity
2020,FR,P_Gas_CCGT,0.0,NewCapacity
2030,FR,P_Gas_CCGT,0.0,NewCapacity
2040,FR,P_Gas_CCGT,0.0,NewCapacity
2050,FR,P_Gas_CCGT,0.0,NewCapacity
2020,NO,P_Gas_CCGT,0.0,NewCapacity
2030,NO,P_Gas_CCGT,0.0,NewCapacity
2040,NO,P_Gas_CCGT,0.0,NewCapacity
2050,NO,P_Gas_CCGT,0.0,NewCapacity
2020,UK,P_Gas_CCGT,0.0,NewCapacity
2030,UK,P_Gas_CCGT,0.0,NewCapacity
2040,UK,P_Gas_CCGT,0.0,NewCapacity
2050,UK,P_Gas_CCGT,0.0,NewCapacity
2020,DE,P_Gas_CCS,0.0,NewCapacity
2030,DE,P_Gas_CCS,0.0,NewCapacity
2040,DE,P_Gas_CCS,34.62117740236876,NewCapacity
2050,DE,P_Gas_CCS,20.75062646631651,NewCapacity
2020,DK,P_Gas_CCS,0.0,NewCapacity
2030,DK,P_Gas_CCS,0.0,NewCapacity
2040,DK,P_Gas_CCS,0.0,NewCapacity
2050,DK,P_Gas_CCS,2.2467885487824737,NewCapacity
2020,FR,P_Gas_CCS,0.0,NewCapacity
2030,FR,P_Gas_CCS,0.0,NewCapacity
2040,FR,P_Gas_CCS,0.0,NewCapacity
2050,FR,P_Gas_CCS,10.173875573433827,NewCapacity
2020,NO,P_Gas_CCS,0.0,NewCapacity
2030,NO,P_Gas_CCS,0.0,NewCapacity
2040,NO,P_Gas_CCS,0.0,NewCapacity
2050,NO,P_Gas_CCS,0.0,NewCapacity
2020,UK,P_Gas_CCS,0.0,NewCapacity
2030,UK,P_Gas_CCS,0.0,NewCapacity
2040,UK,P_Gas_CCS,10.100627122712652,NewCapacity
2050,UK,P_Gas_CCS,0.0,NewCapacity
2020,DE,P_H2_OCGT,0.0,NewCapacity
2030,DE,P_H2_OCGT,0.0,NewCapacity
2040,DE,P_H2_OCGT,0.0,NewCapacity
2050,DE,P_H2_OCGT,0.0,NewCapacity
2020,DK,P_H2_OCGT,0.0,NewCapacity
2030,DK,P_H2_OCGT,0.0,NewCapacity
2040,DK,P_H2_OCGT,0.0,NewCapacity
2050,DK,P_H2_OCGT,0.0,NewCapacity
2020,FR,P_H2_OCGT,0.0,NewCapacity
2030,FR,P_H2_OCGT,0.0,NewCapacity
2040,FR,P_H2_OCGT,0.0,NewCapacity
2050,FR,P_H2_OCGT,0.0,NewCapacity
2020,NO,P_H2_OCGT,0.0,NewCapacity
2030,NO,P_H2_OCGT,0.0,NewCapacity
2040,NO,P_H2_OCGT,0.0,NewCapacity
2050,NO,P_H2_OCGT,0.0,NewCapacity
2020,UK,P_H2_OCGT,0.0,NewCapacity
2030,UK,P_H2_OCGT,0.0,NewCapacity
2040,UK,P_H2_OCGT,0.0,NewCapacity
2050,UK,P_H2_OCGT,0.0,NewCapacity
2020,DE,P_Hydro_Reservoir,0.0,NewCapacity
2030,DE,P_Hydro_Reservoir,0.2489999999999999,NewCapacity
2040,DE,P_Hydro_Reservoir,0.0,NewCapacity
2050,DE,P_Hydro_Reservoir,0.0,NewCapacity
2020,DK,P_Hydro_Reservoir,0.0,NewCapacity
2030,DK,P_Hydro_Reservoir,0.0,NewCapacity
2040,DK,P_Hydro_Reservoir,0.0,NewCapacity
2050,DK,P_Hydro_Reservoir,0.0,NewCapacity
2020,FR,P_Hydro_Reservoir,0.0,NewCapacity
2030,FR,P_Hydro_Reservoir,0.20910000000000117,NewCapacity
2040,FR,P_Hydro_Reservoir,0.0,NewCapacity
2050,FR,P_Hydro_Reservoir,0.0,NewCapacity
2020,NO,P_Hydro_Reservoir,0.0,NewCapacity
2030,NO,P_Hydro_Reservoir,0.34800000000000253,NewCapacity
2040,NO,P_Hydro_Reservoir,0.0,NewCapacity
2050,NO,P_Hydro_Reservoir,0.0,NewCapacity
2020,UK,P_Hydro_Reservoir,0.0,NewCapacity
2030,UK,P_Hydro_Reservoir,0.0,NewCapacity
2040,UK,P_Hydro_Reservoir,0.0,NewCapacity
2050,UK,P_Hydro_Reservoir,0.0,NewCapacity
2020,DE,P_Hydro_RoR,0.0,NewCapacity
2030,DE,P_Hydro_RoR,0.0,NewCapacity
2040,DE,P_Hydro_RoR,0.0,NewCapacity
2050,DE,P_Hydro_RoR,0.0,NewCapacity
2020,DK,P_Hydro_RoR,0.0,NewCapacity
2030,DK,P_Hydro_RoR,0.0,NewCapacity
2040,DK,P_Hydro_RoR,0.0,NewCapacity
2050,DK,P_Hydro_RoR,0.0,NewCapacity
2020,FR,P_Hydro_RoR,0.0,NewCapacity
2030,FR,P_Hydro_RoR,0.0,NewCapacity
2040,FR,P_Hydro_RoR,0.0,NewCapacity
2050,FR,P_Hydro_RoR,0.0,NewCapacity
2020,NO,P_Hydro_RoR,0.0,NewCapacity
2030,NO,P_Hydro_RoR,0.0,NewCapacity
2040,NO,P_Hydro_RoR,0.0,NewCapacity
2050,NO,P_Hydro_RoR,0.0,NewCapacity
2020,UK,P_Hydro_RoR,0.0,NewCapacity
2030,UK,P_Hydro_RoR,0.0,NewCapacity
2040,UK,P_Hydro_RoR,0.0,NewCapacity
2050,UK,P_Hydro_RoR,0.0,NewCapacity
2020,DE,P_Nuclear,0.0,NewCapacity
2030,DE,P_Nuclear,0.0,NewCapacity
2040,DE,P_Nuclear,0.0,NewCapacity
2050,DE,P_Nuclear,0.0,NewCapacity
2020,DK,P_Nuclear,0.0,NewCapacity
2030,DK,P_Nuclear,0.0,NewCapacity
2040,DK,P_Nuclear,0.0,NewCapacity
2050,DK,P_Nuclear,0.0,NewCapacity
2020,FR,P_Nuclear,0.0,NewCapacity
2030,FR,P_Nuclear,0.0,NewCapacity
2040,FR,P_Nuclear,0.0,NewCapacity
2050,FR,P_Nuclear,0.0,NewCapacity
2020,NO,P_Nuclear,0.0,NewCapacity
2030,NO,P_Nuclear,0.0,NewCapacity
2040,NO,P_Nuclear,0.0,NewCapacity
2050,NO,P_Nuclear,0.0,NewCapacity
2020,UK,P_Nuclear,0.0,NewCapacity
2030,UK,P_Nuclear,0.0,NewCapacity
2040,UK,P_Nuclear,0.0,NewCapacity
2050,UK,P_Nuclear,0.0,NewCapacity
2020,DE,P_Oil,0.0,NewCapacity
2030,DE,P_Oil,0.0,NewCapacity
2040,DE,P_Oil,0.0,NewCapacity
2050,DE,P_Oil,0.0,NewCapacity
2020,DK,P_Oil,0.0,NewCapacity
2030,DK,P_Oil,0.0,NewCapacity
2040,DK,P_Oil,0.0,NewCapacity
2050,DK,P_Oil,0.0,NewCapacity
2020,FR,P_Oil,0.0,NewCapacity
2030,FR,P_Oil,0.0,NewCapacity
2040,FR,P_Oil,0.0,NewCapacity
2050,FR,P_Oil,0.0,NewCapacity
2020,NO,P_Oil,0.0,NewCapacity
2030,NO,P_Oil,0.0,NewCapacity
2040,NO,P_Oil,0.0,NewCapacity
2050,NO,P_Oil,0.0,NewCapacity
2020,UK,P_Oil,0.0,NewCapacity
2030,UK,P_Oil,0.0,NewCapacity
2040,UK,P_Oil,0.0,NewCapacity
2050,UK,P_Oil,0.0,NewCapacity
2020,DE,P_PV_Utility_Avg,0.0,NewCapacity
2030,DE,P_PV_Utility_Avg,0.0,NewCapacity
2040,DE,P_PV_Utility_Avg,258.0,NewCapacity
2050,DE,P_PV_Utility_Avg,0.0,NewCapacity
2020,DK,P_PV_Utility_Avg,0.0,NewCapacity
2030,DK,P_PV_Utility_Avg,0.0,NewCapacity
2040,DK,P_PV_Utility_Avg,23.0,NewCapacity
2050,DK,P_PV_Utility_Avg,0.0,NewCapacity
2020,FR,P_PV_Utility_Avg,0.0,NewCapacity
2030,FR,P_PV_Utility_Avg,0.0,NewCapacity
2040,FR,P_PV_Utility_Avg,173.350892026162,NewCapacity
2050,FR,P_PV_Utility_Avg,123.649107973838,NewCapacity
2020,NO,P_PV_Utility_Avg,0.0,NewCapacity
2030,NO,P_PV_Utility_Avg,0.0,NewCapacity
2040,NO,P_PV_Utility_Avg,0.0,NewCapacity
2050,NO,P_PV_Utility_Avg,16.0,NewCapacity
2020,UK,P_PV_Utility_Avg,0.0,NewCapacity
2030,UK,P_PV_Utility_Avg,0.0,NewCapacity
2040,UK,P_PV_Utility_Avg,147.46682845017764,NewCapacity
2050,UK,P_PV_Utility_Avg,51.533171549822356,NewCapacity
2020,DE,P_Wind_Offshore_Deep,0.0,NewCapacity
2030,DE,P_Wind_Offshore_Deep,0.0,NewCapacity
2040,DE,P_Wind_Offshore_Deep,0.0,NewCapacity
2050,DE,P_Wind_Offshore_Deep,37.644762502947174,NewCapacity
2020,DK,P_Wind_Offshore_Deep,0.0,NewCapacity
2030,DK,P_Wind_Offshore_Deep,0.0,NewCapacity
2040,DK,P_Wind_Offshore_Deep,0.0,NewCapacity
2050,DK,P_Wind_Offshore_Deep,0.0,NewCapacity
2020,FR,P_Wind_Offshore_Deep,0.0,NewCapacity
2030,FR,P_Wind_Offshore_Deep,0.0,NewCapacity
2040,FR,P_Wind_Offshore_Deep,0.0,NewCapacity
2050,FR,P_Wind_Offshore_Deep,0.0,NewCapacity
2020,NO,P_Wind_Offshore_Deep,0.0,NewCapacity
2030,NO,P_Wind_Offshore_Deep,0.0,NewCapacity
2040,NO,P_Wind_Offshore_Deep,0.0,NewCapacity
2050,NO,P_Wind_Offshore_Deep,8.537967059897682,NewCapacity
2020,UK,P_Wind_Offshore_Deep,0.0,NewCapacity
2030,UK,P_Wind_Offshore_Deep,0.0,NewCapacity
2040,UK,P_Wind_Offshore_Deep,0.0,NewCapacity
2050,UK,P_Wind_Offshore_Deep,52.79139759265049,NewCapacity
2020,DE,P_Wind_Onshore_Avg,0.0,NewCapacity
2030,DE,P_Wind_Onshore_Avg,0.0,NewCapacity
2040,DE,P_Wind_Onshore_Avg,0.0,NewCapacity
2050,DE,P_Wind_Onshore_Avg,12.244149851272478,NewCapacity
2020,DK,P_Wind_Onshore_Avg,0.0,NewCapacity
2030,DK,P_Wind_Onshore_Avg,0.0,NewCapacity
2040,DK,P_Wind_Onshore_Avg,0.0,NewCapacity
2050,DK,P_Wind_Onshore_Avg,0.0,NewCapacity
2020,FR,P_Wind_Onshore_Avg,0.0,NewCapacity
2030,FR,P_Wind_Onshore_Avg,0.0,NewCapacity
2040,FR,P_Wind_Onshore_Avg,0.0,NewCapacity
2050,FR,P_Wind_Onshore_Avg,0.0,NewCapacity
2020,NO,P_Wind_Onshore_Avg,0.0,NewCapacity
2030,NO,P_Wind_Onshore_Avg,0.0,NewCapacity
2040,NO,P_Wind_Onshore_Avg,0.0,NewCapacity
2050,NO,P_Wind_Onshore_Avg,0.0,NewCapacity
2020,UK,P_Wind_Onshore_Avg,0.0,NewCapacity
2030,UK,P_Wind_Onshore_Avg,0.0,NewCapacity
2040,UK,P_Wind_Onshore_Avg,0.0,NewCapacity
2050,UK,P_Wind_Onshore_Avg,0.0,NewCapacity
2020,DE,PSNG_Road_BEV,0.0,NewCapacity
2030,DE,PSNG_Road_BEV,20.158672307748105,NewCapacity
2040,DE,PSNG_Road_BEV,57.2428337321781,NewCapacity
2050,DE,PSNG_Road_BEV,39.39499356634245,NewCapacity
2020,DK,PSNG_Road_BEV,0.0,NewCapacity
2030,DK,PSNG_Road_BEV,0.48431727625753407,NewCapacity
2040,DK,PSNG_Road_BEV,4.343876298573973,NewCapacity
2050,DK,PSNG_Road_BEV,2.2008199872849303,NewCapacity
2020,FR,PSNG_Road_BEV,0.0,NewCapacity
2030,FR,PSNG_Road_BEV,17.202685617835613,NewCapacity
2040,FR,PSNG_Road_BEV,49.25151449893151,NewCapacity
2050,FR,PSNG_Road_BEV,31.91435301719177,NewCapacity
2020,NO,PSNG_Road_BEV,0.0,NewCapacity
2030,NO,PSNG_Road_BEV,1.6975700927958894,NewCapacity
2040,NO,PSNG_Road_BEV,4.051020224141098,NewCapacity
2050,NO,PSNG_Road_BEV,2.323169688063012,NewCapacity
2020,UK,PSNG_Road_BEV,0.0,NewCapacity
2030,UK,PSNG_Road_BEV,2.4163266675986317,NewCapacity
2040,UK,PSNG_Road_BEV,18.69358393389589,NewCapacity
2050,UK,PSNG_Road_BEV,6.164593010204108,NewCapacity
2020,DE,PSNG_Road_H2,0.0,NewCapacity
2030,DE,PSNG_Road_H2,0.0,NewCapacity
2040,DE,PSNG_Road_H2,0.0,NewCapacity
2050,DE,PSNG_Road_H2,0.0,NewCapacity
2020,DK,PSNG_Road_H2,0.0,NewCapacity
2030,DK,PSNG_Road_H2,0.0,NewCapacity
2040,DK,PSNG_Road_H2,0.0,NewCapacity
2050,DK,PSNG_Road_H2,0.0,NewCapacity
2020,FR,PSNG_Road_H2,0.0,NewCapacity
2030,FR,PSNG_Road_H2,0.0,NewCapacity
2040,FR,PSNG_Road_H2,0.0,NewCapacity
2050,FR,PSNG_Road_H2,0.0,NewCapacity
2020,NO,PSNG_Road_H2,0.0,NewCapacity
2030,NO,PSNG_Road_H2,0.0,NewCapacity
2040,NO,PSNG_Road_H2,0.0,NewCapacity
2050,NO,PSNG_Road_H2,0.0,NewCapacity
2020,UK,PSNG_Road_H2,0.0,NewCapacity
2030,UK,PSNG_Road_H2,0.0,NewCapacity
2040,UK,PSNG_Road_H2,0.0,NewCapacity
2050,UK,PSNG_Road_H2,0.0,NewCapacity
2020,DE,PSNG_Road_ICE,0.0,NewCapacity
2030,DE,PSNG_Road_ICE,0.0,NewCapacity
2040,DE,PSNG_Road_ICE,0.0,NewCapacity
2050,DE,PSNG_Road_ICE,0.0,NewCapacity
2020,DK,PSNG_Road_ICE,0.0,NewCapacity
2030,DK,PSNG_Road_ICE,0.0,NewCapacity
2040,DK,PSNG_Road_ICE,0.0,NewCapacity
2050,DK,PSNG_Road_ICE,0.0,NewCapacity
2020,FR,PSNG_Road_ICE,0.0,NewCapacity
2030,FR,PSNG_Road_ICE,0.0,NewCapacity
2040,FR,PSNG_Road_ICE,0.0,NewCapacity
2050,FR,PSNG_Road_ICE,0.0,NewCapacity
2020,NO,PSNG_Road_ICE,0.0,NewCapacity
2030,NO,PSNG_Road_ICE,0.0,NewCapacity
2040,NO,PSNG_Road_ICE,0.0,NewCapacity
2050,NO,PSNG_Road_ICE,0.0,NewCapacity
2020,UK,PSNG_Road_ICE,0.0,NewCapacity
2030,UK,PSNG_Road_ICE,0.0,NewCapacity
2040,UK,PSNG_Road_ICE,0.0,NewCapacity
2050,UK,PSNG_Road_ICE,0.0,NewCapacity
2020,DE,PSNG_Road_LNG,32.30572298015069,NewCapacity
2030,DE,PSNG_Road_LNG,0.5906604615258573,NewCapacity
2040,DE,PSNG_Road_LNG,0.0,NewCapacity
2050,DE,PSNG_Road_LNG,0.0,NewCapacity
2020,DK,PSNG_Road_LNG,2.377241551579453,NewCapacity
2030,DK,PSNG_Road_LNG,0.3875480037356156,NewCapacity
2040,DK,PSNG_Road_LNG,0.0,NewCapacity
2050,DK,PSNG_Road_LNG,0.0,NewCapacity
2020,FR,PSNG_Road_LNG,34.648062394465754,NewCapacity
2030,FR,PSNG_Road_LNG,0.0,NewCapacity
2040,FR,PSNG_Road_LNG,0.0,NewCapacity
2050,FR,PSNG_Road_LNG,0.0,NewCapacity
2020,NO,PSNG_Road_LNG,2.8989404487000003,NewCapacity
2030,NO,PSNG_Road_LNG,0.0,NewCapacity
2040,NO,PSNG_Road_LNG,0.0,NewCapacity
2050,NO,PSNG_Road_LNG,0.0,NewCapacity
2020,UK,PSNG_Road_LNG,12.94960045568904,NewCapacity
2030,UK,PSNG_Road_LNG,0.0,NewCapacity
2040,UK,PSNG_Road_LNG,0.0,NewCapacity
2050,UK,PSNG_Road_LNG,0.0,NewCapacity
2020,DE,PSNG_Road_PHEV,0.0,NewCapacity
2030,DE,PSNG_Road_PHEV,6.398205280767122,NewCapacity
2040,DE,PSNG_Road_PHEV,0.0,NewCapacity
2050,DE,PSNG_Road_PHEV,0.39228704120549107,NewCapacity
2020,DK,PSNG_Road_PHEV,0.0,NewCapacity
2030,DK,PSNG_Road_PHEV,0.4508177092438362,NewCapacity
2040,DK,PSNG_Road_PHEV,0.0,NewCapacity
2050,DK,PSNG_Road_PHEV,0.00906131661095988,NewCapacity
2020,FR,PSNG_Road_PHEV,0.0,NewCapacity
2030,FR,PSNG_Road_PHEV,0.0,NewCapacity
2040,FR,PSNG_Road_PHEV,5.7033173818356175,NewCapacity
2050,FR,PSNG_Road_PHEV,0.0,NewCapacity
2020,NO,PSNG_Road_PHEV,0.0,NewCapacity
2030,NO,PSNG_Road_PHEV,0.4424396500054805,NewCapacity
2040,NO,PSNG_Road_PHEV,0.3201700533260266,NewCapacity
2050,NO,PSNG_Road_PHEV,0.01532881261643848,NewCapacity
2020,UK,PSNG_Road_PHEV,0.0,NewCapacity
2030,UK,PSNG_Road_PHEV,2.851696438356164,NewCapacity
2040,UK,PSNG_Road_PHEV,0.11520853884657534,NewCapacity
2050,UK,PSNG_Road_PHEV,0.0,NewCapacity
2020,DE,R_Gas,255.8618666182743,NewCapacity
2030,DE,R_Gas,17.949666073995047,NewCapacity
2040,DE,R_Gas,0.0,NewCapacity
2050,DE,R_Gas,0.0,NewCapacity
2020,DK,R_Gas,10.056772245841636,NewCapacity
2030,DK,R_Gas,2.786398171741105,NewCapacity
2040,DK,R_Gas,0.0,NewCapacity
2050,DK,R_Gas,0.0,NewCapacity
2020,FR,R_Gas,139.10442336376235,NewCapacity
2030,FR,R_Gas,0.0,NewCapacity
2040,FR,R_Gas,0.0,NewCapacity
2050,FR,R_Gas,0.0,NewCapacity
2020,NO,R_Gas,57.89062163910174,NewCapacity
2030,NO,R_Gas,0.0,NewCapacity
2040,NO,R_Gas,0.0,NewCapacity
2050,NO,R_Gas,0.0,NewCapacity
2020,UK,R_Gas,162.73362979351108,NewCapacity
2030,UK,R_Gas,0.0,NewCapacity
2040,UK,R_Gas,0.0,NewCapacity
2050,UK,R_Gas,0.0,NewCapacity
2020,DE,R_Coal_Hardcoal,12.608145255,NewCapacity
2030,DE,R_Coal_Hardcoal,0.0,NewCapacity
2040,DE,R_Coal_Hardcoal,0.0,NewCapacity
2050,DE,R_Coal_Hardcoal,0.0,NewCapacity
2020,DK,R_Coal_Hardcoal,0.0,NewCapacity
2030,DK,R_Coal_Hardcoal,0.0,NewCapacity
2040,DK,R_Coal_Hardcoal,0.0,NewCapacity
2050,DK,R_Coal_Hardcoal,0.0,NewCapacity
2020,FR,R_Coal_Hardcoal,0.0,NewCapacity
2030,FR,R_Coal_Hardcoal,0.0,NewCapacity
2040,FR,R_Coal_Hardcoal,0.0,NewCapacity
2050,FR,R_Coal_Hardcoal,0.0,NewCapacity
2020,NO,R_Coal_Hardcoal,0.0,NewCapacity
2030,NO,R_Coal_Hardcoal,0.0,NewCapacity
2040,NO,R_Coal_Hardcoal,0.0,NewCapacity
2050,NO,R_Coal_Hardcoal,0.0,NewCapacity
2020,UK,R_Coal_Hardcoal,0.0,NewCapacity
2030,UK,R_Coal_Hardcoal,0.0,NewCapacity
2040,UK,R_Coal_Hardcoal,0.0,NewCapacity
2050,UK,R_Coal_Hardcoal,0.0,NewCapacity
2020,DE,R_Nuclear,28.836334799999996,NewCapacity
2030,DE,R_Nuclear,0.0,NewCapacity
2040,DE,R_Nuclear,0.0,NewCapacity
2050,DE,R_Nuclear,0.0,NewCapacity
2020,DK,R_Nuclear,0.0,NewCapacity
2030,DK,R_Nuclear,0.0,NewCapacity
2040,DK,R_Nuclear,0.0,NewCapacity
2050,DK,R_Nuclear,0.0,NewCapacity
2020,FR,R_Nuclear,185.96951099999995,NewCapacity
2030,FR,R_Nuclear,2.0909070000000156,NewCapacity
2040,FR,R_Nuclear,0.0,NewCapacity
2050,FR,R_Nuclear,0.0,NewCapacity
2020,NO,R_Nuclear,0.0,NewCapacity
2030,NO,R_Nuclear,0.0,NewCapacity
2040,NO,R_Nuclear,0.0,NewCapacity
2050,NO,R_Nuclear,0.0,NewCapacity
2020,UK,R_Nuclear,27.193912199999996,NewCapacity
2030,UK,R_Nuclear,0.0,NewCapacity
2040,UK,R_Nuclear,0.0,NewCapacity
2050,UK,R_Nuclear,0.0,NewCapacity
2020,DE,R_Oil,136.90690803676705,NewCapacity
2030,DE,R_Oil,0.0,NewCapacity
2040,DE,R_Oil,0.0,NewCapacity
2050,DE,R_Oil,0.0,NewCapacity
2020,DK,R_Oil,5.166313585823883,NewCapacity
2030,DK,R_Oil,0.0,NewCapacity
2040,DK,R_Oil,0.0,NewCapacity
2050,DK,R_Oil,0.0,NewCapacity
2020,FR,R_Oil,54.99199999999999,NewCapacity
2030,FR,R_Oil,0.0,NewCapacity
2040,FR,R_Oil,0.0,NewCapacity
2050,FR,R_Oil,0.0,NewCapacity
2020,NO,R_Oil,4.969563399999999,NewCapacity
2030,NO,R_Oil,0.0,NewCapacity
2040,NO,R_Oil,0.0,NewCapacity
2050,NO,R_Oil,0.0,NewCapacity
2020,UK,R_Oil,22.0158806,NewCapacity
2030,UK,R_Oil,1.0569630296712305,NewCapacity
2040,UK,R_Oil,0.0,NewCapacity
2050,UK,R_Oil,0.0,NewCapacity
2020,DE,R_Biomass,25.0,NewCapacity
2030,DE,R_Biomass,0.0,NewCapacity
2040,DE,R_Biomass,0.0,NewCapacity
2050,DE,R_Biomass,0.0,NewCapacity
2020,DK,R_Biomass,2.5,NewCapacity
2030,DK,R_Biomass,0.0,NewCapacity
2040,DK,R_Biomass,0.0,NewCapacity
2050,DK,R_Biomass,0.0,NewCapacity
2020,FR,R_Biomass,4.961,NewCapacity
2030,FR,R_Biomass,1.4953895,NewCapacity
2040,FR,R_Biomass,14.822434896311695,NewCapacity
2050,FR,R_Biomass,0.721175603688307,NewCapacity
2020,NO,R_Biomass,0.15,NewCapacity
2030,NO,R_Biomass,0.6233255999999999,NewCapacity
2040,NO,R_Biomass,2.342584588822416,NewCapacity
2050,NO,R_Biomass,8.884089811177585,NewCapacity
2020,UK,R_Biomass,14.0,NewCapacity
2030,UK,R_Biomass,0.0,NewCapacity
2040,UK,R_Biomass,0.0,NewCapacity
2050,UK,R_Biomass,0.0,NewCapacity
2020,DE,X_Alkaline_Electrolysis,6.658390410958902,NewCapacity
2030,DE,X_Alkaline_Electrolysis,0.0,NewCapacity
2040,DE,X_Alkaline_Electrolysis,0.0,NewCapacity
2050,DE,X_Alkaline_Electrolysis,20.324070552138473,NewCapacity
2020,DK,X_Alkaline_Electrolysis,0.11414256722602739,NewCapacity
2030,DK,X_Alkaline_Electrolysis,0.0,NewCapacity
2040,DK,X_Alkaline_Electrolysis,0.0,NewCapacity
2050,DK,X_Alkaline_Electrolysis,0.0,NewCapacity
2020,FR,X_Alkaline_Electrolysis,2.1877568493150683,NewCapacity
2030,FR,X_Alkaline_Electrolysis,7.961543878693304,NewCapacity
2040,FR,X_Alkaline_Electrolysis,9.593334330230432,NewCapacity
2050,FR,X_Alkaline_Electrolysis,0.0,NewCapacity
2020,NO,X_Alkaline_Electrolysis,0.6468163368721456,NewCapacity
2030,NO,X_Alkaline_Electrolysis,4.762777992744493,NewCapacity
2040,NO,X_Alkaline_Electrolysis,1.1993785435691233,NewCapacity
2050,NO,X_Alkaline_Electrolysis,5.20270085977096,NewCapacity
2020,UK,X_Alkaline_Electrolysis,2.24482813242009,NewCapacity
2030,UK,X_Alkaline_Electrolysis,0.0,NewCapacity
2040,UK,X_Alkaline_Electrolysis,0.0,NewCapacity
2050,UK,X_Alkaline_Electrolysis,11.47292831400558,NewCapacity
2020,DE,CHP_Biomass_Solid,7.7174,AccumulatedCapacity
2030,DE,CHP_Biomass_Solid,7.7174,AccumulatedCapacity
2040,DE,CHP_Biomass_Solid,6.9456,AccumulatedCapacity
2050,DE,CHP_Biomass_Solid,5.788,AccumulatedCapacity
2020,DK,CHP_Biomass_Solid,1.0,AccumulatedCapacity
2030,DK,CHP_Biomass_Solid,0.0,AccumulatedCapacity
2040,DK,CHP_Biomass_Solid,0.0,AccumulatedCapacity
2050,DK,CHP_Biomass_Solid,0.0,AccumulatedCapacity
2020,FR,CHP_Biomass_Solid,1.9844,AccumulatedCapacity
2030,FR,CHP_Biomass_Solid,1.4959,AccumulatedCapacity
2040,FR,CHP_Biomass_Solid,0.0,AccumulatedCapacity
2050,FR,CHP_Biomass_Solid,0.0,AccumulatedCapacity
2020,NO,CHP_Biomass_Solid,0.12,AccumulatedCapacity
2030,NO,CHP_Biomass_Solid,0.0,AccumulatedCapacity
2040,NO,CHP_Biomass_Solid,0.0,AccumulatedCapacity
2050,NO,CHP_Biomass_Solid,0.0,AccumulatedCapacity
2020,UK,CHP_Biomass_Solid,0.4597,AccumulatedCapacity
2030,UK,CHP_Biomass_Solid,0.5195,AccumulatedCapacity
2040,UK,CHP_Biomass_Solid,0.463,AccumulatedCapacity
2050,UK,CHP_Biomass_Solid,0.463,AccumulatedCapacity
2020,DE,CHP_Biomass_Solid_CCS,0.0,AccumulatedCapacity
2030,DE,CHP_Biomass_Solid_CCS,0.0,AccumulatedCapacity
2040,DE,CHP_Biomass_Solid_CCS,4.8995443392786795,AccumulatedCapacity
2050,DE,CHP_Biomass_Solid_CCS,5.999952000383996,AccumulatedCapacity
2020,DK,CHP_Biomass_Solid_CCS,0.0,AccumulatedCapacity
2030,DK,CHP_Biomass_Solid_CCS,0.0,AccumulatedCapacity
2040,DK,CHP_Biomass_Solid_CCS,0.3367742758099203,AccumulatedCapacity
2050,DK,CHP_Biomass_Solid_CCS,0.5999952000383997,AccumulatedCapacity
2020,FR,CHP_Biomass_Solid_CCS,0.0,AccumulatedCapacity
2030,FR,CHP_Biomass_Solid_CCS,0.0,AccumulatedCapacity
2040,FR,CHP_Biomass_Solid_CCS,4.578886504022774,AccumulatedCapacity
2050,FR,CHP_Biomass_Solid_CCS,5.2799577603379175,AccumulatedCapacity
2020,NO,CHP_Biomass_Solid_CCS,0.0,AccumulatedCapacity
2030,NO,CHP_Biomass_Solid_CCS,0.0,AccumulatedCapacity
2040,NO,CHP_Biomass_Solid_CCS,0.7478124628176772,AccumulatedCapacity
2050,NO,CHP_Biomass_Solid_CCS,0.7478124628176772,AccumulatedCapacity
2020,UK,CHP_Biomass_Solid_CCS,0.0,AccumulatedCapacity
2030,UK,CHP_Biomass_Solid_CCS,0.0,AccumulatedCapacity
2040,UK,CHP_Biomass_Solid_CCS,0.8558118192705267,AccumulatedCapacity
2050,UK,CHP_Biomass_Solid_CCS,3.359973120215038,AccumulatedCapacity
2020,DE,CHP_Coal_Hardcoal,12.0531,AccumulatedCapacity
2030,DE,CHP_Coal_Hardcoal,3.3927,AccumulatedCapacity
2040,DE,CHP_Coal_Hardcoal,0.0,AccumulatedCapacity
2050,DE,CHP_Coal_Hardcoal,0.0,AccumulatedCapacity
2020,DK,CHP_Coal_Hardcoal,0.0,AccumulatedCapacity
2030,DK,CHP_Coal_Hardcoal,0.0,AccumulatedCapacity
2040,DK,CHP_Coal_Hardcoal,0.0,AccumulatedCapacity
2050,DK,CHP_Coal_Hardcoal,0.0,AccumulatedCapacity
2020,FR,CHP_Coal_Hardcoal,0.0,AccumulatedCapacity
2030,FR,CHP_Coal_Hardcoal,0.0,AccumulatedCapacity
2040,FR,CHP_Coal_Hardcoal,0.0,AccumulatedCapacity
2050,FR,CHP_Coal_Hardcoal,0.0,AccumulatedCapacity
2020,NO,CHP_Coal_Hardcoal,0.0,AccumulatedCapacity
2030,NO,CHP_Coal_Hardcoal,0.0,AccumulatedCapacity
2040,NO,CHP_Coal_Hardcoal,0.0,AccumulatedCapacity
2050,NO,CHP_Coal_Hardcoal,0.0,AccumulatedCapacity
2020,UK,CHP_Coal_Hardcoal,0.0,AccumulatedCapacity
2030,UK,CHP_Coal_Hardcoal,0.0,AccumulatedCapacity
2040,UK,CHP_Coal_Hardcoal,0.0,AccumulatedCapacity
2050,UK,CHP_Coal_Hardcoal,0.0,AccumulatedCapacity
2020,DE,CHP_Gas_CCGT_Natural,25.8627,AccumulatedCapacity
2030,DE,CHP_Gas_CCGT_Natural,21.6718,AccumulatedCapacity
2040,DE,CHP_Gas_CCGT_Natural,13.6099,AccumulatedCapacity
2050,DE,CHP_Gas_CCGT_Natural,1.482,AccumulatedCapacity
2020,DK,CHP_Gas_CCGT_Natural,0.8218,AccumulatedCapacity
2030,DK,CHP_Gas_CCGT_Natural,0.0,AccumulatedCapacity
2040,DK,CHP_Gas_CCGT_Natural,0.0,AccumulatedCapacity
2050,DK,CHP_Gas_CCGT_Natural,0.0,AccumulatedCapacity
2020,FR,CHP_Gas_CCGT_Natural,8.038754873042945,AccumulatedCapacity
2030,FR,CHP_Gas_CCGT_Natural,7.3108,AccumulatedCapacity
2040,FR,CHP_Gas_CCGT_Natural,5.1827,AccumulatedCapacity
2050,FR,CHP_Gas_CCGT_Natural,0.0,AccumulatedCapacity
2020,NO,CHP_Gas_CCGT_Natural,0.0,AccumulatedCapacity
2030,NO,CHP_Gas_CCGT_Natural,0.0,AccumulatedCapacity
2040,NO,CHP_Gas_CCGT_Natural,0.0,AccumulatedCapacity
2050,NO,CHP_Gas_CCGT_Natural,0.0,AccumulatedCapacity
2020,UK,CHP_Gas_CCGT_Natural,5.6512,AccumulatedCapacity
2030,UK,CHP_Gas_CCGT_Natural,5.5944,AccumulatedCapacity
2040,UK,CHP_Gas_CCGT_Natural,3.9508,AccumulatedCapacity
2050,UK,CHP_Gas_CCGT_Natural,0.0,AccumulatedCapacity
2020,DE,CHP_Gas_CCGT_Natural_CCS,0.0,AccumulatedCapacity
2030,DE,CHP_Gas_CCGT_Natural_CCS,0.0,AccumulatedCapacity
2040,DE,CHP_Gas_CCGT_Natural_CCS,0.0,AccumulatedCapacity
2050,DE,CHP_Gas_CCGT_Natural_CCS,0.0,AccumulatedCapacity
2020,DK,CHP_Gas_CCGT_Natural_CCS,0.0,AccumulatedCapacity
2030,DK,CHP_Gas_CCGT_Natural_CCS,0.0,AccumulatedCapacity
2040,DK,CHP_Gas_CCGT_Natural_CCS,0.0,AccumulatedCapacity
2050,DK,CHP_Gas_CCGT_Natural_CCS,0.0,AccumulatedCapacity
2020,FR,CHP_Gas_CCGT_Natural_CCS,0.0,AccumulatedCapacity
2030,FR,CHP_Gas_CCGT_Natural_CCS,0.0,AccumulatedCapacity
2040,FR,CHP_Gas_CCGT_Natural_CCS,0.0,AccumulatedCapacity
2050,FR,CHP_Gas_CCGT_Natural_CCS,0.0,AccumulatedCapacity
2020,NO,CHP_Gas_CCGT_Natural_CCS,0.0,AccumulatedCapacity
2030,NO,CHP_Gas_CCGT_Natural_CCS,0.0,AccumulatedCapacity
2040,NO,CHP_Gas_CCGT_Natural_CCS,0.0,AccumulatedCapacity
2050,NO,CHP_Gas_CCGT_Natural_CCS,0.0,AccumulatedCapacity
2020,UK,CHP_Gas_CCGT_Natural_CCS,0.0,AccumulatedCapacity
2030,UK,CHP_Gas_CCGT_Natural_CCS,0.0,AccumulatedCapacity
2040,UK,CHP_Gas_CCGT_Natural_CCS,0.0,AccumulatedCapacity
2050,UK,CHP_Gas_CCGT_Natural_CCS,0.0,AccumulatedCapacity
2020,DE,CHP_Hydrogen_FuelCell,0.0,AccumulatedCapacity
2030,DE,CHP_Hydrogen_FuelCell,0.0,AccumulatedCapacity
2040,DE,CHP_Hydrogen_FuelCell,0.0,AccumulatedCapacity
2050,DE,CHP_Hydrogen_FuelCell,0.0,AccumulatedCapacity
2020,DK,CHP_Hydrogen_FuelCell,0.0,AccumulatedCapacity
2030,DK,CHP_Hydrogen_FuelCell,0.0,AccumulatedCapacity
2040,DK,CHP_Hydrogen_FuelCell,0.0,AccumulatedCapacity
2050,DK,CHP_Hydrogen_FuelCell,0.0,AccumulatedCapacity
2020,FR,CHP_Hydrogen_FuelCell,0.0,AccumulatedCapacity
2030,FR,CHP_Hydrogen_FuelCell,0.0,AccumulatedCapacity
2040,FR,CHP_Hydrogen_FuelCell,0.0,AccumulatedCapacity
2050,FR,CHP_Hydrogen_FuelCell,0.0,AccumulatedCapacity
2020,NO,CHP_Hydrogen_FuelCell,0.0,AccumulatedCapacity
2030,NO,CHP_Hydrogen_FuelCell,0.0,AccumulatedCapacity
2040,NO,CHP_Hydrogen_FuelCell,0.0,AccumulatedCapacity
2050,NO,CHP_Hydrogen_FuelCell,0.0,AccumulatedCapacity
2020,UK,CHP_Hydrogen_FuelCell,0.0,AccumulatedCapacity
2030,UK,CHP_Hydrogen_FuelCell,0.0,AccumulatedCapacity
2040,UK,CHP_Hydrogen_FuelCell,0.0,AccumulatedCapacity
2050,UK,CHP_Hydrogen_FuelCell,0.0,AccumulatedCapacity
2020,DE,CHP_Oil,1.1023,AccumulatedCapacity
2030,DE,CHP_Oil,0.0,AccumulatedCapacity
2040,DE,CHP_Oil,0.0,AccumulatedCapacity
2050,DE,CHP_Oil,0.0,AccumulatedCapacity
2020,DK,CHP_Oil,0.0,AccumulatedCapacity
2030,DK,CHP_Oil,0.0,AccumulatedCapacity
2040,DK,CHP_Oil,0.0,AccumulatedCapacity
2050,DK,CHP_Oil,0.0,AccumulatedCapacity
2020,FR,CHP_Oil,0.0,AccumulatedCapacity
2030,FR,CHP_Oil,0.0,AccumulatedCapacity
2040,FR,CHP_Oil,0.0,AccumulatedCapacity
2050,FR,CHP_Oil,0.0,AccumulatedCapacity
2020,NO,CHP_Oil,0.0,AccumulatedCapacity
2030,NO,CHP_Oil,0.0,AccumulatedCapacity
2040,NO,CHP_Oil,0.0,AccumulatedCapacity
2050,NO,CHP_Oil,0.0,AccumulatedCapacity
2020,UK,CHP_Oil,0.0,AccumulatedCapacity
2030,UK,CHP_Oil,0.0,AccumulatedCapacity
2040,UK,CHP_Oil,0.0,AccumulatedCapacity
2050,UK,CHP_Oil,0.0,AccumulatedCapacity
2020,DE,HB_Biomass,0.0,AccumulatedCapacity
2030,DE,HB_Biomass,0.0,AccumulatedCapacity
2040,DE,HB_Biomass,0.0,AccumulatedCapacity
2050,DE,HB_Biomass,0.0,AccumulatedCapacity
2020,DK,HB_Biomass,0.0,AccumulatedCapacity
2030,DK,HB_Biomass,0.0,AccumulatedCapacity
2040,DK,HB_Biomass,0.0,AccumulatedCapacity
2050,DK,HB_Biomass,0.0,AccumulatedCapacity
2020,FR,HB_Biomass,0.0,AccumulatedCapacity
2030,FR,HB_Biomass,0.0,AccumulatedCapacity
2040,FR,HB_Biomass,0.0,AccumulatedCapacity
2050,FR,HB_Biomass,0.0,AccumulatedCapacity
2020,NO,HB_Biomass,0.0,AccumulatedCapacity
2030,NO,HB_Biomass,0.0,AccumulatedCapacity
2040,NO,HB_Biomass,0.0,AccumulatedCapacity
2050,NO,HB_Biomass,0.0,AccumulatedCapacity
2020,UK,HB_Biomass,0.0,AccumulatedCapacity
2030,UK,HB_Biomass,0.0,AccumulatedCapacity
2040,UK,HB_Biomass,0.0,AccumulatedCapacity
2050,UK,HB_Biomass,0.0,AccumulatedCapacity
2020,DE,HB_Direct_Electric,1.9919,AccumulatedCapacity
2030,DE,HB_Direct_Electric,1.4228,AccumulatedCapacity
2040,DE,HB_Direct_Electric,0.2846,AccumulatedCapacity
2050,DE,HB_Direct_Electric,0.0,AccumulatedCapacity
2020,DK,HB_Direct_Electric,0.356,AccumulatedCapacity
2030,DK,HB_Direct_Electric,0.2003,AccumulatedCapacity
2040,DK,HB_Direct_Electric,0.0,AccumulatedCapacity
2050,DK,HB_Direct_Electric,0.0,AccumulatedCapacity
2020,FR,HB_Direct_Electric,8.262,AccumulatedCapacity
2030,FR,HB_Direct_Electric,0.0,AccumulatedCapacity
2040,FR,HB_Direct_Electric,1.1803,AccumulatedCapacity
2050,FR,HB_Direct_Electric,0.0,AccumulatedCapacity
2020,NO,HB_Direct_Electric,8.0,AccumulatedCapacity
2030,NO,HB_Direct_Electric,1.2618797717178076,AccumulatedCapacity
2040,NO,HB_Direct_Electric,0.6986716438684909,AccumulatedCapacity
2050,NO,HB_Direct_Electric,0.0,AccumulatedCapacity
2020,UK,HB_Direct_Electric,4.0436,AccumulatedCapacity
2030,UK,HB_Direct_Electric,0.0,AccumulatedCapacity
2040,UK,HB_Direct_Electric,0.5777,AccumulatedCapacity
2050,UK,HB_Direct_Electric,0.0,AccumulatedCapacity
2020,DE,HB_Gas_Boiler,172.22370670571235,AccumulatedCapacity
2030,DE,HB_Gas_Boiler,200.39322217076713,AccumulatedCapacity
2040,DE,HB_Gas_Boiler,235.92639405662092,AccumulatedCapacity
2050,DE,HB_Gas_Boiler,184.8054215770605,AccumulatedCapacity
2020,DK,HB_Gas_Boiler,4.7718,AccumulatedCapacity
2030,DK,HB_Gas_Boiler,8.244381674528768,AccumulatedCapacity
2040,DK,HB_Gas_Boiler,9.422245663207368,AccumulatedCapacity
2050,DK,HB_Gas_Boiler,7.989591178616783,AccumulatedCapacity
2020,FR,HB_Gas_Boiler,106.5014,AccumulatedCapacity
2030,FR,HB_Gas_Boiler,76.0724,AccumulatedCapacity
2040,FR,HB_Gas_Boiler,79.42116414524887,AccumulatedCapacity
2050,FR,HB_Gas_Boiler,76.94537345913771,AccumulatedCapacity
2020,NO,HB_Gas_Boiler,0.3554539954466935,AccumulatedCapacity
2030,NO,HB_Gas_Boiler,7.873319787123289,AccumulatedCapacity
2040,NO,HB_Gas_Boiler,8.862644598569243,AccumulatedCapacity
2050,NO,HB_Gas_Boiler,9.449776560624038,AccumulatedCapacity
2020,UK,HB_Gas_Boiler,92.4888,AccumulatedCapacity
2030,UK,HB_Gas_Boiler,54.86385233416438,AccumulatedCapacity
2040,UK,HB_Gas_Boiler,46.192736719255144,AccumulatedCapacity
2050,UK,HB_Gas_Boiler,44.670773627537926,AccumulatedCapacity
2020,DE,HB_H2_Boiler,0.0,AccumulatedCapacity
2030,DE,HB_H2_Boiler,0.0,AccumulatedCapacity
2040,DE,HB_H2_Boiler,0.0,AccumulatedCapacity
2050,DE,HB_H2_Boiler,0.0,AccumulatedCapacity
2020,DK,HB_H2_Boiler,0.0,AccumulatedCapacity
2030,DK,HB_H2_Boiler,0.0,AccumulatedCapacity
2040,DK,HB_H2_Boiler,0.0,AccumulatedCapacity
2050,DK,HB_H2_Boiler,0.0,AccumulatedCapacity
2020,FR,HB_H2_Boiler,0.0,AccumulatedCapacity
2030,FR,HB_H2_Boiler,0.0,AccumulatedCapacity
2040,FR,HB_H2_Boiler,0.0,AccumulatedCapacity
2050,FR,HB_H2_Boiler,0.0,AccumulatedCapacity
2020,NO,HB_H2_Boiler,0.0,AccumulatedCapacity
2030,NO,HB_H2_Boiler,0.0,AccumulatedCapacity
2040,NO,HB_H2_Boiler,0.0,AccumulatedCapacity
2050,NO,HB_H2_Boiler,0.0,AccumulatedCapacity
2020,UK,HB_H2_Boiler,0.0,AccumulatedCapacity
2030,UK,HB_H2_Boiler,0.0,AccumulatedCapacity
2040,UK,HB_H2_Boiler,0.0,AccumulatedCapacity
2050,UK,HB_H2_Boiler,0.0,AccumulatedCapacity
2020,DE,HB_Heatpump_Aerial,1.199,AccumulatedCapacity
2030,DE,HB_Heatpump_Aerial,0.8564,AccumulatedCapacity
2040,DE,HB_Heatpump_Aerial,0.1713,AccumulatedCapacity
2050,DE,HB_Heatpump_Aerial,57.293881538953,AccumulatedCapacity
2020,DK,HB_Heatpump_Aerial,0.2073,AccumulatedCapacity
2030,DK,HB_Heatpump_Aerial,0.148,AccumulatedCapacity
2040,DK,HB_Heatpump_Aerial,0.0296,AccumulatedCapacity
2050,DK,HB_Heatpump_Aerial,1.2839117550955241,AccumulatedCapacity
2020,FR,HB_Heatpump_Aerial,2.6184,AccumulatedCapacity
2030,FR,HB_Heatpump_Aerial,1.8703,AccumulatedCapacity
2040,FR,HB_Heatpump_Aerial,0.3741,AccumulatedCapacity
2050,FR,HB_Heatpump_Aerial,9.38149665503579,AccumulatedCapacity
2020,NO,HB_Heatpump_Aerial,1.3162,AccumulatedCapacity
2030,NO,HB_Heatpump_Aerial,0.9402,AccumulatedCapacity
2040,NO,HB_Heatpump_Aerial,0.188,AccumulatedCapacity
2050,NO,HB_Heatpump_Aerial,0.0,AccumulatedCapacity
2020,UK,HB_Heatpump_Aerial,0.1182,AccumulatedCapacity
2030,UK,HB_Heatpump_Aerial,0.0,AccumulatedCapacity
2040,UK,HB_Heatpump_Aerial,0.0169,AccumulatedCapacity
2050,UK,HB_Heatpump_Aerial,3.50788410127235,AccumulatedCapacity
2020,DE,HB_Oil_Boiler,74.7262,AccumulatedCapacity
2030,DE,HB_Oil_Boiler,53.3759,AccumulatedCapacity
2040,DE,HB_Oil_Boiler,10.6752,AccumulatedCapacity
2050,DE,HB_Oil_Boiler,0.0,AccumulatedCapacity
2020,DK,HB_Oil_Boiler,1.5160157605315063,AccumulatedCapacity
2030,DK,HB_Oil_Boiler,1.8932,AccumulatedCapacity
2040,DK,HB_Oil_Boiler,0.3786,AccumulatedCapacity
2050,DK,HB_Oil_Boiler,0.0,AccumulatedCapacity
2020,FR,HB_Oil_Boiler,6.890647222753402,AccumulatedCapacity
2030,FR,HB_Oil_Boiler,19.502911030671225,AccumulatedCapacity
2040,FR,HB_Oil_Boiler,7.0631,AccumulatedCapacity
2050,FR,HB_Oil_Boiler,0.0,AccumulatedCapacity
2020,NO,HB_Oil_Boiler,0.9582,AccumulatedCapacity
2030,NO,HB_Oil_Boiler,0.6845,AccumulatedCapacity
2040,NO,HB_Oil_Boiler,0.1369,AccumulatedCapacity
2050,NO,HB_Oil_Boiler,0.0,AccumulatedCapacity
2020,UK,HB_Oil_Boiler,20.2538,AccumulatedCapacity
2030,UK,HB_Oil_Boiler,0.0,AccumulatedCapacity
2040,UK,HB_Oil_Boiler,2.8934,AccumulatedCapacity
2050,UK,HB_Oil_Boiler,0.0,AccumulatedCapacity
2020,DE,HB_Solar_Thermal,0.0,AccumulatedCapacity
2030,DE,HB_Solar_Thermal,0.0,AccumulatedCapacity
2040,DE,HB_Solar_Thermal,0.0,AccumulatedCapacity
2050,DE,HB_Solar_Thermal,0.0,AccumulatedCapacity
2020,DK,HB_Solar_Thermal,0.0,AccumulatedCapacity
2030,DK,HB_Solar_Thermal,0.0,AccumulatedCapacity
2040,DK,HB_Solar_Thermal,0.0,AccumulatedCapacity
2050,DK,HB_Solar_Thermal,0.0,AccumulatedCapacity
2020,FR,HB_Solar_Thermal,0.0,AccumulatedCapacity
2030,FR,HB_Solar_Thermal,0.0,AccumulatedCapacity
2040,FR,HB_Solar_Thermal,0.0,AccumulatedCapacity
2050,FR,HB_Solar_Thermal,0.0,AccumulatedCapacity
2020,NO,HB_Solar_Thermal,0.0,AccumulatedCapacity
2030,NO,HB_Solar_Thermal,0.0,AccumulatedCapacity
2040,NO,HB_Solar_Thermal,0.0,AccumulatedCapacity
2050,NO,HB_Solar_Thermal,0.0,AccumulatedCapacity
2020,UK,HB_Solar_Thermal,0.0,AccumulatedCapacity
2030,UK,HB_Solar_Thermal,0.0,AccumulatedCapacity
2040,UK,HB_Solar_Thermal,0.0,AccumulatedCapacity
2050,UK,HB_Solar_Thermal,0.0,AccumulatedCapacity
2020,DE,P_Biomass,1.711967119671197,AccumulatedCapacity
2030,DE,P_Biomass,1.711967119671197,AccumulatedCapacity
2040,DE,P_Biomass,0.0,AccumulatedCapacity
2050,DE,P_Biomass,0.0,AccumulatedCapacity
2020,DK,P_Biomass,0.0,AccumulatedCapacity
2030,DK,P_Biomass,0.7500075000750007,AccumulatedCapacity
2040,DK,P_Biomass,0.3290320778156196,AccumulatedCapacity
2050,DK,P_Biomass,0.0,AccumulatedCapacity
2020,FR,P_Biomass,0.0,AccumulatedCapacity
2030,FR,P_Biomass,0.815,AccumulatedCapacity
2040,FR,P_Biomass,0.66,AccumulatedCapacity
2050,FR,P_Biomass,0.0,AccumulatedCapacity
2020,NO,P_Biomass,0.0,AccumulatedCapacity
2030,NO,P_Biomass,0.232,AccumulatedCapacity
2040,NO,P_Biomass,0.0,AccumulatedCapacity
2050,NO,P_Biomass,2.6652535958892343,AccumulatedCapacity
2020,UK,P_Biomass,3.855263552635526,AccumulatedCapacity
2030,UK,P_Biomass,3.8104131041310407,AccumulatedCapacity
2040,UK,P_Biomass,2.7830044978386272,AccumulatedCapacity
2050,UK,P_Biomass,0.0,AccumulatedCapacity
2020,DE,P_Coal_Hardcoal,0.0,AccumulatedCapacity
2030,DE,P_Coal_Hardcoal,0.0,AccumulatedCapacity
2040,DE,P_Coal_Hardcoal,0.0,AccumulatedCapacity
2050,DE,P_Coal_Hardcoal,0.0,AccumulatedCapacity
2020,DK,P_Coal_Hardcoal,0.0,AccumulatedCapacity
2030,DK,P_Coal_Hardcoal,0.0,AccumulatedCapacity
2040,DK,P_Coal_Hardcoal,0.0,AccumulatedCapacity
2050,DK,P_Coal_Hardcoal,0.0,AccumulatedCapacity
2020,FR,P_Coal_Hardcoal,0.0,AccumulatedCapacity
2030,FR,P_Coal_Hardcoal,0.0,AccumulatedCapacity
2040,FR,P_Coal_Hardcoal,0.0,AccumulatedCapacity
2050,FR,P_Coal_Hardcoal,0.0,AccumulatedCapacity
2020,NO,P_Coal_Hardcoal,0.0,AccumulatedCapacity
2030,NO,P_Coal_Hardcoal,0.0,AccumulatedCapacity
2040,NO,P_Coal_Hardcoal,0.0,AccumulatedCapacity
2050,NO,P_Coal_Hardcoal,0.0,AccumulatedCapacity
2020,UK,P_Coal_Hardcoal,0.0,AccumulatedCapacity
2030,UK,P_Coal_Hardcoal,0.0,AccumulatedCapacity
2040,UK,P_Coal_Hardcoal,0.0,AccumulatedCapacity
2050,UK,P_Coal_Hardcoal,0.0,AccumulatedCapacity
2020,DE,P_Gas_CCGT,12.372,AccumulatedCapacity
2030,DE,P_Gas_CCGT,9.578,AccumulatedCapacity
2040,DE,P_Gas_CCGT,8.7367,AccumulatedCapacity
2050,DE,P_Gas_CCGT,0.0,AccumulatedCapacity
2020,DK,P_Gas_CCGT,0.0,AccumulatedCapacity
2030,DK,P_Gas_CCGT,0.0,AccumulatedCapacity
2040,DK,P_Gas_CCGT,0.0,AccumulatedCapacity
2050,DK,P_Gas_CCGT,0.0,AccumulatedCapacity
2020,FR,P_Gas_CCGT,0.0,AccumulatedCapacity
2030,FR,P_Gas_CCGT,0.0,AccumulatedCapacity
2040,FR,P_Gas_CCGT,3.078,AccumulatedCapacity
2050,FR,P_Gas_CCGT,0.0,AccumulatedCapacity
2020,NO,P_Gas_CCGT,0.0,AccumulatedCapacity
2030,NO,P_Gas_CCGT,0.0,AccumulatedCapacity
2040,NO,P_Gas_CCGT,0.0,AccumulatedCapacity
2050,NO,P_Gas_CCGT,0.0,AccumulatedCapacity
2020,UK,P_Gas_CCGT,25.727875485768703,AccumulatedCapacity
2030,UK,P_Gas_CCGT,17.9571,AccumulatedCapacity
2040,UK,P_Gas_CCGT,10.9596,AccumulatedCapacity
2050,UK,P_Gas_CCGT,0.0,AccumulatedCapacity
2020,DE,P_Gas_CCS,0.0,AccumulatedCapacity
2030,DE,P_Gas_CCS,0.0,AccumulatedCapacity
2040,DE,P_Gas_CCS,34.62117740236876,AccumulatedCapacity
2050,DE,P_Gas_CCS,55.37180386868527,AccumulatedCapacity
2020,DK,P_Gas_CCS,0.0,AccumulatedCapacity
2030,DK,P_Gas_CCS,0.0,AccumulatedCapacity
2040,DK,P_Gas_CCS,0.0,AccumulatedCapacity
2050,DK,P_Gas_CCS,2.2467885487824737,AccumulatedCapacity
2020,FR,P_Gas_CCS,0.0,AccumulatedCapacity
2030,FR,P_Gas_CCS,0.0,AccumulatedCapacity
2040,FR,P_Gas_CCS,0.0,AccumulatedCapacity
2050,FR,P_Gas_CCS,10.173875573433827,AccumulatedCapacity
2020,NO,P_Gas_CCS,0.0,AccumulatedCapacity
2030,NO,P_Gas_CCS,0.0,AccumulatedCapacity
2040,NO,P_Gas_CCS,0.0,AccumulatedCapacity
2050,NO,P_Gas_CCS,0.0,AccumulatedCapacity
2020,UK,P_Gas_CCS,0.0,AccumulatedCapacity
2030,UK,P_Gas_CCS,0.0,AccumulatedCapacity
2040,UK,P_Gas_CCS,10.100627122712652,AccumulatedCapacity
2050,UK,P_Gas_CCS,10.100627122712652,AccumulatedCapacity
2020,DE,P_H2_OCGT,0.0,AccumulatedCapacity
2030,DE,P_H2_OCGT,0.0,AccumulatedCapacity
2040,DE,P_H2_OCGT,0.0,AccumulatedCapacity
2050,DE,P_H2_OCGT,0.0,AccumulatedCapacity
2020,DK,P_H2_OCGT,0.0,AccumulatedCapacity
2030,DK,P_H2_OCGT,0.0,AccumulatedCapacity
2040,DK,P_H2_OCGT,0.0,AccumulatedCapacity
2050,DK,P_H2_OCGT,0.0,AccumulatedCapacity
2020,FR,P_H2_OCGT,0.0,AccumulatedCapacity
2030,FR,P_H2_OCGT,0.0,AccumulatedCapacity
2040,FR,P_H2_OCGT,0.0,AccumulatedCapacity
2050,FR,P_H2_OCGT,0.0,AccumulatedCapacity
2020,NO,P_H2_OCGT,0.0,AccumulatedCapacity
2030,NO,P_H2_OCGT,0.0,AccumulatedCapacity
2040,NO,P_H2_OCGT,0.0,AccumulatedCapacity
2050,NO,P_H2_OCGT,0.0,AccumulatedCapacity
2020,UK,P_H2_OCGT,0.0,AccumulatedCapacity
2030,UK,P_H2_OCGT,0.0,AccumulatedCapacity
2040,UK,P_H2_OCGT,0.0,AccumulatedCapacity
2050,UK,P_H2_OCGT,0.0,AccumulatedCapacity
2020,DE,P_Hydro_Reservoir,1.44,AccumulatedCapacity
2030,DE,P_Hydro_Reservoir,1.44,AccumulatedCapacity
2040,DE,P_Hydro_Reservoir,1.44,AccumulatedCapacity
2050,DE,P_Hydro_Reservoir,1.44,AccumulatedCapacity
2020,DK,P_Hydro_Reservoir,0.0,AccumulatedCapacity
2030,DK,P_Hydro_Reservoir,0.0,AccumulatedCapacity
2040,DK,P_Hydro_Reservoir,0.0,AccumulatedCapacity
2050,DK,P_Hydro_Reservoir,0.0,AccumulatedCapacity
2020,FR,P_Hydro_Reservoir,8.578,AccumulatedCapacity
2030,FR,P_Hydro_Reservoir,8.7871,AccumulatedCapacity
2040,FR,P_Hydro_Reservoir,8.7871,AccumulatedCapacity
2050,FR,P_Hydro_Reservoir,8.7871,AccumulatedCapacity
2020,NO,P_Hydro_Reservoir,26.313,AccumulatedCapacity
2030,NO,P_Hydro_Reservoir,26.661,AccumulatedCapacity
2040,NO,P_Hydro_Reservoir,26.661,AccumulatedCapacity
2050,NO,P_Hydro_Reservoir,26.661,AccumulatedCapacity
2020,UK,P_Hydro_Reservoir,0.0,AccumulatedCapacity
2030,UK,P_Hydro_Reservoir,0.0,AccumulatedCapacity
2040,UK,P_Hydro_Reservoir,0.0,AccumulatedCapacity
2050,UK,P_Hydro_Reservoir,0.0,AccumulatedCapacity
2020,DE,P_Hydro_RoR,0.0,AccumulatedCapacity
2030,DE,P_Hydro_RoR,0.0,AccumulatedCapacity
2040,DE,P_Hydro_RoR,0.0,AccumulatedCapacity
2050,DE,P_Hydro_RoR,0.0,AccumulatedCapacity
2020,DK,P_Hydro_RoR,0.0,AccumulatedCapacity
2030,DK,P_Hydro_RoR,0.0,AccumulatedCapacity
2040,DK,P_Hydro_RoR,0.0,AccumulatedCapacity
2050,DK,P_Hydro_RoR,0.0,AccumulatedCapacity
2020,FR,P_Hydro_RoR,0.0,AccumulatedCapacity
2030,FR,P_Hydro_RoR,0.0,AccumulatedCapacity
2040,FR,P_Hydro_RoR,0.0,AccumulatedCapacity
2050,FR,P_Hydro_RoR,0.0,AccumulatedCapacity
2020,NO,P_Hydro_RoR,0.0,AccumulatedCapacity
2030,NO,P_Hydro_RoR,0.0,AccumulatedCapacity
2040,NO,P_Hydro_RoR,0.0,AccumulatedCapacity
2050,NO,P_Hydro_RoR,0.0,AccumulatedCapacity
2020,UK,P_Hydro_RoR,0.0,AccumulatedCapacity
2030,UK,P_Hydro_RoR,0.0,AccumulatedCapacity
2040,UK,P_Hydro_RoR,0.0,AccumulatedCapacity
2050,UK,P_Hydro_RoR,0.0,AccumulatedCapacity
2020,DE,P_Nuclear,9.516,AccumulatedCapacity
2030,DE,P_Nuclear,0.0,AccumulatedCapacity
2040,DE,P_Nuclear,0.0,AccumulatedCapacity
2050,DE,P_Nuclear,0.0,AccumulatedCapacity
2020,DK,P_Nuclear,0.0,AccumulatedCapacity
2030,DK,P_Nuclear,0.0,AccumulatedCapacity
2040,DK,P_Nuclear,0.0,AccumulatedCapacity
2050,DK,P_Nuclear,0.0,AccumulatedCapacity
2020,FR,P_Nuclear,61.37,AccumulatedCapacity
2030,FR,P_Nuclear,62.06,AccumulatedCapacity
2040,FR,P_Nuclear,58.5,AccumulatedCapacity
2050,FR,P_Nuclear,16.78,AccumulatedCapacity
2020,NO,P_Nuclear,0.0,AccumulatedCapacity
2030,NO,P_Nuclear,0.0,AccumulatedCapacity
2040,NO,P_Nuclear,0.0,AccumulatedCapacity
2050,NO,P_Nuclear,0.0,AccumulatedCapacity
2020,UK,P_Nuclear,8.974,AccumulatedCapacity
2030,UK,P_Nuclear,3.6,AccumulatedCapacity
2040,UK,P_Nuclear,1.2,AccumulatedCapacity
2050,UK,P_Nuclear,1.2,AccumulatedCapacity
2020,DE,P_Oil,3.271,AccumulatedCapacity
2030,DE,P_Oil,2.3242,AccumulatedCapacity
2040,DE,P_Oil,0.0,AccumulatedCapacity
2050,DE,P_Oil,0.0,AccumulatedCapacity
2020,DK,P_Oil,1.007,AccumulatedCapacity
2030,DK,P_Oil,0.2575,AccumulatedCapacity
2040,DK,P_Oil,0.0,AccumulatedCapacity
2050,DK,P_Oil,0.0,AccumulatedCapacity
2020,FR,P_Oil,6.2,AccumulatedCapacity
2030,FR,P_Oil,0.0,AccumulatedCapacity
2040,FR,P_Oil,0.0,AccumulatedCapacity
2050,FR,P_Oil,0.0,AccumulatedCapacity
2020,NO,P_Oil,0.0,AccumulatedCapacity
2030,NO,P_Oil,0.0,AccumulatedCapacity
2040,NO,P_Oil,0.0,AccumulatedCapacity
2050,NO,P_Oil,0.0,AccumulatedCapacity
2020,UK,P_Oil,2.994,AccumulatedCapacity
2030,UK,P_Oil,2.8189,AccumulatedCapacity
2040,UK,P_Oil,0.0,AccumulatedCapacity
2050,UK,P_Oil,0.0,AccumulatedCapacity
2020,DE,P_PV_Utility_Avg,42.804,AccumulatedCapacity
2030,DE,P_PV_Utility_Avg,42.804,AccumulatedCapacity
2040,DE,P_PV_Utility_Avg,258.0,AccumulatedCapacity
2050,DE,P_PV_Utility_Avg,258.0,AccumulatedCapacity
2020,DK,P_PV_Utility_Avg,1.002,AccumulatedCapacity
2030,DK,P_PV_Utility_Avg,0.955,AccumulatedCapacity
2040,DK,P_PV_Utility_Avg,23.0,AccumulatedCapacity
2050,DK,P_PV_Utility_Avg,23.0,AccumulatedCapacity
2020,FR,P_PV_Utility_Avg,7.17,AccumulatedCapacity
2030,FR,P_PV_Utility_Avg,8.9,AccumulatedCapacity
2040,FR,P_PV_Utility_Avg,173.350892026162,AccumulatedCapacity
2050,FR,P_PV_Utility_Avg,297.0,AccumulatedCapacity
2020,NO,P_PV_Utility_Avg,0.0,AccumulatedCapacity
2030,NO,P_PV_Utility_Avg,0.0,AccumulatedCapacity
2040,NO,P_PV_Utility_Avg,0.0,AccumulatedCapacity
2050,NO,P_PV_Utility_Avg,16.0,AccumulatedCapacity
2020,UK,P_PV_Utility_Avg,12.563,AccumulatedCapacity
2030,UK,P_PV_Utility_Avg,12.962,AccumulatedCapacity
2040,UK,P_PV_Utility_Avg,147.46682845017764,AccumulatedCapacity
2050,UK,P_PV_Utility_Avg,199.0,AccumulatedCapacity
2020,DE,P_Wind_Offshore_Deep,0.0,AccumulatedCapacity
2030,DE,P_Wind_Offshore_Deep,0.0,AccumulatedCapacity
2040,DE,P_Wind_Offshore_Deep,0.0,AccumulatedCapacity
2050,DE,P_Wind_Offshore_Deep,37.644762502947174,AccumulatedCapacity
2020,DK,P_Wind_Offshore_Deep,0.0,AccumulatedCapacity
2030,DK,P_Wind_Offshore_Deep,0.0,AccumulatedCapacity
2040,DK,P_Wind_Offshore_Deep,0.0,AccumulatedCapacity
2050,DK,P_Wind_Offshore_Deep,0.0,AccumulatedCapacity
2020,FR,P_Wind_Offshore_Deep,0.0,AccumulatedCapacity
2030,FR,P_Wind_Offshore_Deep,0.0,AccumulatedCapacity
2040,FR,P_Wind_Offshore_Deep,0.0,AccumulatedCapacity
2050,FR,P_Wind_Offshore_Deep,0.0,AccumulatedCapacity
2020,NO,P_Wind_Offshore_Deep,0.0,AccumulatedCapacity
2030,NO,P_Wind_Offshore_Deep,0.0,AccumulatedCapacity
2040,NO,P_Wind_Offshore_Deep,0.0,AccumulatedCapacity
2050,NO,P_Wind_Offshore_Deep,8.537967059897682,AccumulatedCapacity
2020,UK,P_Wind_Offshore_Deep,0.0,AccumulatedCapacity
2030,UK,P_Wind_Offshore_Deep,0.0,AccumulatedCapacity
2040,UK,P_Wind_Offshore_Deep,0.0,AccumulatedCapacity
2050,UK,P_Wind_Offshore_Deep,52.79139759265049,AccumulatedCapacity
2020,DE,P_Wind_Onshore_Avg,52.259,AccumulatedCapacity
2030,DE,P_Wind_Onshore_Avg,52.9,AccumulatedCapacity
2040,DE,P_Wind_Onshore_Avg,0.0,AccumulatedCapacity
2050,DE,P_Wind_Onshore_Avg,12.244149851273402,AccumulatedCapacity
2020,DK,P_Wind_Onshore_Avg,4.682,AccumulatedCapacity
2030,DK,P_Wind_Onshore_Avg,4.4,AccumulatedCapacity
2040,DK,P_Wind_Onshore_Avg,0.0,AccumulatedCapacity
2050,DK,P_Wind_Onshore_Avg,0.0,AccumulatedCapacity
2020,FR,P_Wind_Onshore_Avg,15.254,AccumulatedCapacity
2030,FR,P_Wind_Onshore_Avg,15.0,AccumulatedCapacity
2040,FR,P_Wind_Onshore_Avg,0.0,AccumulatedCapacity
2050,FR,P_Wind_Onshore_Avg,0.0,AccumulatedCapacity
2020,NO,P_Wind_Onshore_Avg,0.0,AccumulatedCapacity
2030,NO,P_Wind_Onshore_Avg,0.0,AccumulatedCapacity
2040,NO,P_Wind_Onshore_Avg,0.0,AccumulatedCapacity
2050,NO,P_Wind_Onshore_Avg,0.0,AccumulatedCapacity
2020,UK,P_Wind_Onshore_Avg,12.965,AccumulatedCapacity
2030,UK,P_Wind_Onshore_Avg,5.773,AccumulatedCapacity
2040,UK,P_Wind_Onshore_Avg,0.0,AccumulatedCapacity
2050,UK,P_Wind_Onshore_Avg,0.0,AccumulatedCapacity
2020,DE,PSNG_Road_BEV,3.0,AccumulatedCapacity
2030,DE,PSNG_Road_BEV,23.158672307748105,AccumulatedCapacity
2040,DE,PSNG_Road_BEV,79.4015060399262,AccumulatedCapacity
2050,DE,PSNG_Road_BEV,96.63782729852055,AccumulatedCapacity
2020,DK,PSNG_Road_BEV,0.4,AccumulatedCapacity
2030,DK,PSNG_Road_BEV,0.8843172762575341,AccumulatedCapacity
2040,DK,PSNG_Road_BEV,5.028193574831508,AccumulatedCapacity
2050,DK,PSNG_Road_BEV,6.544696285858904,AccumulatedCapacity
2020,FR,PSNG_Road_BEV,2.0,AccumulatedCapacity
2030,FR,PSNG_Road_BEV,19.202685617835613,AccumulatedCapacity
2040,FR,PSNG_Road_BEV,67.45420011676713,AccumulatedCapacity
2050,FR,PSNG_Road_BEV,81.16586751612328,AccumulatedCapacity
2020,NO,PSNG_Road_BEV,0.5,AccumulatedCapacity
2030,NO,PSNG_Road_BEV,2.1975700927958894,AccumulatedCapacity
2040,NO,PSNG_Road_BEV,5.948590316936987,AccumulatedCapacity
2050,NO,PSNG_Road_BEV,6.37418991220411,AccumulatedCapacity
2020,UK,PSNG_Road_BEV,0.5,AccumulatedCapacity
2030,UK,PSNG_Road_BEV,2.9163266675986317,AccumulatedCapacity
2040,UK,PSNG_Road_BEV,21.309910601494522,AccumulatedCapacity
2050,UK,PSNG_Road_BEV,24.8581769441,AccumulatedCapacity
2020,DE,PSNG_Road_H2,0.0,AccumulatedCapacity
2030,DE,PSNG_Road_H2,0.0,AccumulatedCapacity
2040,DE,PSNG_Road_H2,0.0,AccumulatedCapacity
2050,DE,PSNG_Road_H2,0.0,AccumulatedCapacity
2020,DK,PSNG_Road_H2,0.0,AccumulatedCapacity
2030,DK,PSNG_Road_H2,0.0,AccumulatedCapacity
2040,DK,PSNG_Road_H2,0.0,AccumulatedCapacity
2050,DK,PSNG_Road_H2,0.0,AccumulatedCapacity
2020,FR,PSNG_Road_H2,0.0,AccumulatedCapacity
2030,FR,PSNG_Road_H2,0.0,AccumulatedCapacity
2040,FR,PSNG_Road_H2,0.0,AccumulatedCapacity
2050,FR,PSNG_Road_H2,0.0,AccumulatedCapacity
2020,NO,PSNG_Road_H2,0.0,AccumulatedCapacity
2030,NO,PSNG_Road_H2,0.0,AccumulatedCapacity
2040,NO,PSNG_Road_H2,0.0,AccumulatedCapacity
2050,NO,PSNG_Road_H2,0.0,AccumulatedCapacity
2020,UK,PSNG_Road_H2,0.0,AccumulatedCapacity
2030,UK,PSNG_Road_H2,0.0,AccumulatedCapacity
2040,UK,PSNG_Road_H2,0.0,AccumulatedCapacity
2050,UK,PSNG_Road_H2,0.0,AccumulatedCapacity
2020,DE,PSNG_Road_ICE,50.0,AccumulatedCapacity
2030,DE,PSNG_Road_ICE,35.0,AccumulatedCapacity
2040,DE,PSNG_Road_ICE,15.0,AccumulatedCapacity
2050,DE,PSNG_Road_ICE,0.0,AccumulatedCapacity
2020,DK,PSNG_Road_ICE,3.0,AccumulatedCapacity
2030,DK,PSNG_Road_ICE,2.5,AccumulatedCapacity
2040,DK,PSNG_Road_ICE,1.0,AccumulatedCapacity
2050,DK,PSNG_Road_ICE,0.0,AccumulatedCapacity
2020,FR,PSNG_Road_ICE,35.0,AccumulatedCapacity
2030,FR,PSNG_Road_ICE,28.0,AccumulatedCapacity
2040,FR,PSNG_Road_ICE,12.0,AccumulatedCapacity
2050,FR,PSNG_Road_ICE,0.0,AccumulatedCapacity
2020,NO,PSNG_Road_ICE,2.5,AccumulatedCapacity
2030,NO,PSNG_Road_ICE,1.2,AccumulatedCapacity
2040,NO,PSNG_Road_ICE,0.3,AccumulatedCapacity
2050,NO,PSNG_Road_ICE,0.0,AccumulatedCapacity
2020,UK,PSNG_Road_ICE,9.5,AccumulatedCapacity
2030,UK,PSNG_Road_ICE,7.5,AccumulatedCapacity
2040,UK,PSNG_Road_ICE,3.0,AccumulatedCapacity
2050,UK,PSNG_Road_ICE,0.0,AccumulatedCapacity
2020,DE,PSNG_Road_LNG,32.30572298015069,AccumulatedCapacity
2030,DE,PSNG_Road_LNG,32.89638344167655,AccumulatedCapacity
2040,DE,PSNG_Road_LNG,0.5906604615258573,AccumulatedCapacity
2050,DE,PSNG_Road_LNG,0.0,AccumulatedCapacity
2020,DK,PSNG_Road_LNG,2.377241551579453,AccumulatedCapacity
2030,DK,PSNG_Road_LNG,2.7647895553150685,AccumulatedCapacity
2040,DK,PSNG_Road_LNG,0.3875480037356156,AccumulatedCapacity
2050,DK,PSNG_Road_LNG,0.0,AccumulatedCapacity
2020,FR,PSNG_Road_LNG,34.648062394465754,AccumulatedCapacity
2030,FR,PSNG_Road_LNG,34.648062394465754,AccumulatedCapacity
2040,FR,PSNG_Road_LNG,0.0,AccumulatedCapacity
2050,FR,PSNG_Road_LNG,0.0,AccumulatedCapacity
2020,NO,PSNG_Road_LNG,2.8989404487000003,AccumulatedCapacity
2030,NO,PSNG_Road_LNG,2.8989404487000003,AccumulatedCapacity
2040,NO,PSNG_Road_LNG,0.0,AccumulatedCapacity
2050,NO,PSNG_Road_LNG,0.0,AccumulatedCapacity
2020,UK,PSNG_Road_LNG,12.94960045568904,AccumulatedCapacity
2030,UK,PSNG_Road_LNG,12.94960045568904,AccumulatedCapacity
2040,UK,PSNG_Road_LNG,0.0,AccumulatedCapacity
2050,UK,PSNG_Road_LNG,0.0,AccumulatedCapacity
2020,DE,PSNG_Road_PHEV,0.0,AccumulatedCapacity
2030,DE,PSNG_Road_PHEV,6.398205280767122,AccumulatedCapacity
2040,DE,PSNG_Road_PHEV,6.398205280767122,AccumulatedCapacity
2050,DE,PSNG_Road_PHEV,6.790492321972613,AccumulatedCapacity
2020,DK,PSNG_Road_PHEV,0.0,AccumulatedCapacity
2030,DK,PSNG_Road_PHEV,0.4508177092438362,AccumulatedCapacity
2040,DK,PSNG_Road_PHEV,0.4508177092438362,AccumulatedCapacity
2050,DK,PSNG_Road_PHEV,0.45987902585479606,AccumulatedCapacity
2020,FR,PSNG_Road_PHEV,0.0,AccumulatedCapacity
2030,FR,PSNG_Road_PHEV,0.0,AccumulatedCapacity
2040,FR,PSNG_Road_PHEV,5.7033173818356175,AccumulatedCapacity
2050,FR,PSNG_Road_PHEV,5.7033173818356175,AccumulatedCapacity
2020,NO,PSNG_Road_PHEV,0.0,AccumulatedCapacity
2030,NO,PSNG_Road_PHEV,0.4424396500054805,AccumulatedCapacity
2040,NO,PSNG_Road_PHEV,0.7626097033315071,AccumulatedCapacity
2050,NO,PSNG_Road_PHEV,0.7779385159479456,AccumulatedCapacity
2020,UK,PSNG_Road_PHEV,0.0,AccumulatedCapacity
2030,UK,PSNG_Road_PHEV,2.851696438356164,AccumulatedCapacity
2040,UK,PSNG_Road_PHEV,2.966904977202739,AccumulatedCapacity
2050,UK,PSNG_Road_PHEV,2.966904977202739,AccumulatedCapacity
2020,DE,R_Gas,255.8618666182743,AccumulatedCapacity
2030,DE,R_Gas,273.81153269226934,AccumulatedCapacity
2040,DE,R_Gas,273.81153269226934,AccumulatedCapacity
2050,DE,R_Gas,273.4198028737545,AccumulatedCapacity
2020,DK,R_Gas,10.056772245841636,AccumulatedCapacity
2030,DK,R_Gas,12.84317041758274,AccumulatedCapacity
2040,DK,R_Gas,9.713393054200475,AccumulatedCapacity
2050,DK,R_Gas,12.84317041758274,AccumulatedCapacity
2020,FR,R_Gas,139.10442336376235,AccumulatedCapacity
2030,FR,R_Gas,139.10442336376235,AccumulatedCapacity
2040,FR,R_Gas,119.50963454377545,AccumulatedCapacity
2050,FR,R_Gas,117.2830075196613,AccumulatedCapacity
2020,NO,R_Gas,57.89062163910174,AccumulatedCapacity
2030,NO,R_Gas,57.89062163910174,AccumulatedCapacity
2040,NO,R_Gas,57.89062163910174,AccumulatedCapacity
2050,NO,R_Gas,26.0185536675717,AccumulatedCapacity
2020,UK,R_Gas,162.73362979351108,AccumulatedCapacity
2030,UK,R_Gas,162.73362979351108,AccumulatedCapacity
2040,UK,R_Gas,162.73362979351108,AccumulatedCapacity
2050,UK,R_Gas,66.60587672734908,AccumulatedCapacity
2020,DE,R_Coal_Hardcoal,12.608145255,AccumulatedCapacity
2030,DE,R_Coal_Hardcoal,3.5489338349999997,AccumulatedCapacity
2040,DE,R_Coal_Hardcoal,0.0,AccumulatedCapacity
2050,DE,R_Coal_Hardcoal,0.0,AccumulatedCapacity
2020,DK,R_Coal_Hardcoal,0.0,AccumulatedCapacity
2030,DK,R_Coal_Hardcoal,0.0,AccumulatedCapacity
2040,DK,R_Coal_Hardcoal,0.0,AccumulatedCapacity
2050,DK,R_Coal_Hardcoal,0.0,AccumulatedCapacity
2020,FR,R_Coal_Hardcoal,0.0,AccumulatedCapacity
2030,FR,R_Coal_Hardcoal,0.0,AccumulatedCapacity
2040,FR,R_Coal_Hardcoal,0.0,AccumulatedCapacity
2050,FR,R_Coal_Hardcoal,0.0,AccumulatedCapacity
2020,NO,R_Coal_Hardcoal,0.0,AccumulatedCapacity
2030,NO,R_Coal_Hardcoal,0.0,AccumulatedCapacity
2040,NO,R_Coal_Hardcoal,0.0,AccumulatedCapacity
2050,NO,R_Coal_Hardcoal,0.0,AccumulatedCapacity
2020,UK,R_Coal_Hardcoal,0.0,AccumulatedCapacity
2030,UK,R_Coal_Hardcoal,0.0,AccumulatedCapacity
2040,UK,R_Coal_Hardcoal,0.0,AccumulatedCapacity
2050,UK,R_Coal_Hardcoal,0.0,AccumulatedCapacity
2020,DE,R_Nuclear,28.836334799999996,AccumulatedCapacity
2030,DE,R_Nuclear,0.0,AccumulatedCapacity
2040,DE,R_Nuclear,0.0,AccumulatedCapacity
2050,DE,R_Nuclear,0.0,AccumulatedCapacity
2020,DK,R_Nuclear,0.0,AccumulatedCapacity
2030,DK,R_Nuclear,0.0,AccumulatedCapacity
2040,DK,R_Nuclear,0.0,AccumulatedCapacity
2050,DK,R_Nuclear,0.0,AccumulatedCapacity
2020,FR,R_Nuclear,185.96951099999995,AccumulatedCapacity
2030,FR,R_Nuclear,188.06041799999997,AccumulatedCapacity
2040,FR,R_Nuclear,188.06041799999997,AccumulatedCapacity
2050,FR,R_Nuclear,50.848434,AccumulatedCapacity
2020,NO,R_Nuclear,0.0,AccumulatedCapacity
2030,NO,R_Nuclear,0.0,AccumulatedCapacity
2040,NO,R_Nuclear,0.0,AccumulatedCapacity
2050,NO,R_Nuclear,0.0,AccumulatedCapacity
2020,UK,R_Nuclear,27.193912199999996,AccumulatedCapacity
2030,UK,R_Nuclear,10.90908,AccumulatedCapacity
2040,UK,R_Nuclear,3.6363599999999994,AccumulatedCapacity
2050,UK,R_Nuclear,3.6363599999999994,AccumulatedCapacity
2020,DE,R_Oil,136.90690803676705,AccumulatedCapacity
2030,DE,R_Oil,136.90690803676705,AccumulatedCapacity
2040,DE,R_Oil,30.82612407050222,AccumulatedCapacity
2050,DE,R_Oil,7.703134490045734,AccumulatedCapacity
2020,DK,R_Oil,5.166313585823883,AccumulatedCapacity
2030,DK,R_Oil,4.946363728193549,AccumulatedCapacity
2040,DK,R_Oil,2.0826076093662076,AccumulatedCapacity
2050,DK,R_Oil,5.166313585823883,AccumulatedCapacity
2020,FR,R_Oil,54.99199999999999,AccumulatedCapacity
2030,FR,R_Oil,43.993599999999994,AccumulatedCapacity
2040,FR,R_Oil,25.32424323795432,AccumulatedCapacity
2050,FR,R_Oil,6.469843237954326,AccumulatedCapacity
2020,NO,R_Oil,4.969563399999999,AccumulatedCapacity
2030,NO,R_Oil,2.8142900797734094,AccumulatedCapacity
2040,NO,R_Oil,1.3364644474592615,AccumulatedCapacity
2050,NO,R_Oil,0.8824934524913496,AccumulatedCapacity
2020,UK,R_Oil,22.0158806,AccumulatedCapacity
2030,UK,R_Oil,23.07284362967123,AccumulatedCapacity
2040,UK,R_Oil,8.079257006138786,AccumulatedCapacity
2050,UK,R_Oil,3.3656570061387874,AccumulatedCapacity
2020,DE,R_Biomass,25.0,AccumulatedCapacity
2030,DE,R_Biomass,25.0,AccumulatedCapacity
2040,DE,R_Biomass,25.0,AccumulatedCapacity
2050,DE,R_Biomass,25.0,AccumulatedCapacity
2020,DK,R_Biomass,2.5,AccumulatedCapacity
2030,DK,R_Biomass,2.5,AccumulatedCapacity
2040,DK,R_Biomass,2.5,AccumulatedCapacity
2050,DK,R_Biomass,2.5,AccumulatedCapacity
2020,FR,R_Biomass,4.961,AccumulatedCapacity
2030,FR,R_Biomass,6.4563895,AccumulatedCapacity
2040,FR,R_Biomass,21.278824396311695,AccumulatedCapacity
2050,FR,R_Biomass,22.0,AccumulatedCapacity
2020,NO,R_Biomass,0.15,AccumulatedCapacity
2030,NO,R_Biomass,0.7733256,AccumulatedCapacity
2040,NO,R_Biomass,3.115910188822416,AccumulatedCapacity
2050,NO,R_Biomass,12.0,AccumulatedCapacity
2020,UK,R_Biomass,14.0,AccumulatedCapacity
2030,UK,R_Biomass,14.0,AccumulatedCapacity
2040,UK,R_Biomass,14.0,AccumulatedCapacity
2050,UK,R_Biomass,14.0,AccumulatedCapacity
2020,DE,X_Alkaline_Electrolysis,6.658390410958902,AccumulatedCapacity
2030,DE,X_Alkaline_Electrolysis,6.658390410958902,AccumulatedCapacity
2040,DE,X_Alkaline_Electrolysis,6.658390410958902,AccumulatedCapacity
2050,DE,X_Alkaline_Electrolysis,20.324070552138473,AccumulatedCapacity
2020,DK,X_Alkaline_Electrolysis,0.11414256722602739,AccumulatedCapacity
2030,DK,X_Alkaline_Electrolysis,0.11414256722602739,AccumulatedCapacity
2040,DK,X_Alkaline_Electrolysis,0.11414256722602739,AccumulatedCapacity
2050,DK,X_Alkaline_Electrolysis,0.0,AccumulatedCapacity
2020,FR,X_Alkaline_Electrolysis,2.1877568493150683,AccumulatedCapacity
2030,FR,X_Alkaline_Electrolysis,10.149300728008374,AccumulatedCapacity
2040,FR,X_Alkaline_Electrolysis,19.742635058238804,AccumulatedCapacity
2050,FR,X_Alkaline_Electrolysis,17.554878208923736,AccumulatedCapacity
2020,NO,X_Alkaline_Electrolysis,0.6468163368721456,AccumulatedCapacity
2030,NO,X_Alkaline_Electrolysis,5.409594329616638,AccumulatedCapacity
2040,NO,X_Alkaline_Electrolysis,6.6089728731857615,AccumulatedCapacity
2050,NO,X_Alkaline_Electrolysis,11.164857396084576,AccumulatedCapacity
2020,UK,X_Alkaline_Electrolysis,2.24482813242009,AccumulatedCapacity
2030,UK,X_Alkaline_Electrolysis,0.8971107768498735,AccumulatedCapacity
2040,UK,X_Alkaline_Electrolysis,2.24482813242009,AccumulatedCapacity
2050,UK,X_Alkaline_Electrolysis,11.47292831400558,AccumulatedCapacity
